{
  "system:version": 1761671979569102,
  "system:id": "COPERNICUS/S2_SR_HARMONIZED/20250608T092041_20250608T092710_T34SEH",
  "SPACECRAFT_NAME": "Sentinel-2A",
  "SATURATED_DEFECTIVE_PIXEL_PERCENTAGE": 0,
  "BOA_ADD_OFFSET_B12": -1000,
  "CLOUD_SHADOW_PERCENTAGE": 1.376359,
  "system:footprint": {
    "type": "LinearRing",
    "coordinates": [
      [
        20.999654898378186,
        38.849009758091505
      ],
      [
        20.999653988789895,
        38.84899848151668
      ],
      [
        20.999658627690184,
        37.859622208908476
      ],
      [
        20.999705016693753,
        37.859580747713416
      ],
      [
        20.999744401868323,
        37.859535013781475
      ],
      [
        20.999763048429333,
        37.8595322424747
      ],
      [
        22.24763965341787,
        37.85292215359693
      ],
      [
        22.24769277344505,
        37.85295814233032
      ],
      [
        22.24775116908955,
        37.85298861849882
      ],
      [
        22.24775498936529,
        37.85300341834264
      ],
      [
        22.256195413868717,
        38.34760218087819
      ],
      [
        22.26484527456636,
        38.84214989355032
      ],
      [
        22.264799067867322,
        38.84219192191413
      ],
      [
        22.264759955896718,
        38.84223799586966
      ],
      [
        22.264740945659522,
        38.84224103885822
      ],
      [
        20.999769506506603,
        38.84908846708624
      ],
      [
        20.99971629558892,
        38.84905189368263
      ],
      [
        20.99965762714306,
        38.849020769843705
      ],
      [
        20.999654898378186,
        38.849009758091505
      ]
    ]
  },
  "SENSOR_QUALITY": "PASSED",
  "GENERATION_TIME": 1749385153000,
  "CLOUDY_PIXEL_OVER_LAND_PERCENTAGE": 4.761645,
  "CLOUD_COVERAGE_ASSESSMENT": 3.78944,
  "THIN_CIRRUS_PERCENTAGE": 0.210251,
  "GRANULE_MEAN_WV": 1.729425,
  "BOA_ADD_OFFSET_B1": -1000,
  "BOA_ADD_OFFSET_B2": -1000,
  "DATASTRIP_ID": "S2A_OPER_MSI_L2A_DS_2APS_20250608T121913_S20250608T092710_N05.11",
  "BOA_ADD_OFFSET_B5": -1000,
  "BOA_ADD_OFFSET_B6": -1000,
  "BOA_ADD_OFFSET_B3": -1000,
  "BOA_ADD_OFFSET_B4": -1000,
  "BOA_ADD_OFFSET_B9": -1000,
  "BOA_ADD_OFFSET_B7": -1000,
  "BOA_ADD_OFFSET_B8": -1000,
  "GRANULE_ID": "L2A_T34SEH_A052028_20250608T092710",
  "MEAN_INCIDENCE_AZIMUTH_ANGLE_B8": 150.344414728016,
  "DATATAKE_TYPE": "INS-NOBS",
  "MEAN_INCIDENCE_AZIMUTH_ANGLE_B9": 145.202254014659,
  "MEAN_INCIDENCE_AZIMUTH_ANGLE_B6": 146.617440327568,
  "MEAN_INCIDENCE_AZIMUTH_ANGLE_B7": 146.211042127467,
  "MEAN_INCIDENCE_AZIMUTH_ANGLE_B4": 147.715484718446,
  "NOT_VEGETATED_PERCENTAGE": 13.874689,
  "MEAN_INCIDENCE_AZIMUTH_ANGLE_B5": 147.114093668883,
  "RADIOMETRIC_QUALITY": "PASSED",
  "MEAN_INCIDENCE_AZIMUTH_ANGLE_B2": 151.751645683125,
  "MEAN_INCIDENCE_AZIMUTH_ANGLE_B3": 149.228860890651,
  "MEAN_INCIDENCE_AZIMUTH_ANGLE_B1": 145.444655138547,
  "HIGH_PROBA_CLOUDS_PERCENTAGE": 1.952495,
  "UNCLASSIFIED_PERCENTAGE": 0.213646,
  "OZONE_SOURCE": "AUX_ECMWFT",
  "GRANULE_MEAN_AOT": 0.373963,
  "BOA_ADD_OFFSET_B8A": -1000,
  "SNOW_ICE_PERCENTAGE": 0,
  "BOA_ADD_OFFSET_B11": -1000,
  "BOA_ADD_OFFSET_B10": -1000,
  "GEOMETRIC_QUALITY": "PASSED",
  "system:asset_size": 1742180846,
  "system:index": "20250608T092041_20250608T092710_T34SEH",
  "DATATAKE_IDENTIFIER": "GS2A_20250608T092041_052028_N05.11",
  "AOT_RETRIEVAL_ACCURACY": 0,
  "AOT_RETRIEVAL_METHOD": "SEN2COR_DDV",
  "MEAN_INCIDENCE_AZIMUTH_ANGLE_B8A": 145.874494709416,
  "MEAN_SOLAR_AZIMUTH_ANGLE": 134.752678897522,
  "VEGETATION_PERCENTAGE": 56.940007,
  "SOLAR_IRRADIANCE_B12": 85.25,
  "SOLAR_IRRADIANCE_B10": 367.15,
  "SOLAR_IRRADIANCE_B11": 245.59,
  "SOLAR_IRRADIANCE_B8A": 955.32,
  "FORMAT_CORRECTNESS": "PASSED",
  "system:time_end": 1749375010222,
  "WATER_VAPOUR_RETRIEVAL_ACCURACY": 0,
  "OZONE_VALUE": 309.23339,
  "CAST_SHADOW_PERCENTAGE": 0.103218,
  "system:time_start": 1749375010222,
  "PROCESSING_BASELINE": "05.11",
  "SENSING_ORBIT_NUMBER": 93,
  "NODATA_PIXEL_PERCENTAGE": 0,
  "SENSING_ORBIT_DIRECTION": "DESCENDING",
  "GENERAL_QUALITY": "PASSED",
  "REFLECTANCE_CONVERSION_CORRECTION": 0.971621309834559,
  "MEDIUM_PROBA_CLOUDS_PERCENTAGE": 1.626693,
  "MEAN_INCIDENCE_ZENITH_ANGLE_B1": 3.3104003060209,
  "MEAN_INCIDENCE_ZENITH_ANGLE_B5": 2.97774666119084,
  "MEAN_INCIDENCE_ZENITH_ANGLE_B4": 2.90549696773223,
  "MEAN_INCIDENCE_ZENITH_ANGLE_B3": 2.78609715386728,
  "MEAN_INCIDENCE_ZENITH_ANGLE_B2": 2.67979728334353,
  "MEAN_INCIDENCE_ZENITH_ANGLE_B9": 3.40349040702235,
  "MEAN_INCIDENCE_ZENITH_ANGLE_B8": 2.72952448472655,
  "MEAN_INCIDENCE_ZENITH_ANGLE_B7": 3.13518434946133,
  "MEAN_INCIDENCE_ZENITH_ANGLE_B6": 3.05428753585522,
  "MEAN_SOLAR_ZENITH_ANGLE": 20.422512606339,
  "MEAN_INCIDENCE_ZENITH_ANGLE_B8A": 3.21946454618285,
  "RADIATIVE_TRANSFER_ACCURACY": 0,
  "MGRS_TILE": "34SEH",
  "CLOUDY_PIXEL_PERCENTAGE": 3.78944,
  "PRODUCT_ID": "S2A_MSIL2A_20250608T092041_N0511_R093_T34SEH_20250608T121913",
  "MEAN_INCIDENCE_ZENITH_ANGLE_B10": 2.86231340993671,
  "SOLAR_IRRADIANCE_B9": 812.92,
  "DEGRADED_MSI_DATA_PERCENTAGE": 0.0005,
  "MEAN_INCIDENCE_ZENITH_ANGLE_B11": 3.03288323829008,
  "L2A_QUALITY": "PASSED",
  "MEAN_INCIDENCE_ZENITH_ANGLE_B12": 3.23180112502407,
  "SOLAR_IRRADIANCE_B6": 1287.61,
  "MEAN_INCIDENCE_AZIMUTH_ANGLE_B10": 147.776839933833,
  "SOLAR_IRRADIANCE_B5": 1424.64,
  "MEAN_INCIDENCE_AZIMUTH_ANGLE_B11": 146.111582322595,
  "SOLAR_IRRADIANCE_B8": 1041.63,
  "MEAN_INCIDENCE_AZIMUTH_ANGLE_B12": 144.914801914995,
  "SOLAR_IRRADIANCE_B7": 1162.08,
  "SOLAR_IRRADIANCE_B2": 1959.66,
  "SOLAR_IRRADIANCE_B1": 1884.69,
  "SOLAR_IRRADIANCE_B4": 1512.06,
  "SOLAR_IRRADIANCE_B3": 1823.24,
  "WATER_PERCENTAGE": 23.702635,
  "system:bands": {
    "TCI_B": {
      "data_type": {
        "type": "PixelType",
        "precision": "int",
        "min": 0,
        "max": 255
      },
      "dimensions": [
        10980,
        10980
      ],
      "crs": "EPSG:32634",
      "crs_transform": [
        10,
        0,
        499980,
        0,
        -10,
        4300020
      ]
    },
    "QA10": {
      "data_type": {
        "type": "PixelType",
        "precision": "int",
        "min": 0,
        "max": 65535
      },
      "crs": "EPSG:4326",
      "crs_transform": [
        1,
        0,
        0,
        0,
        1,
        0
      ]
    },
    "B8A": {
      "data_type": {
        "type": "PixelType",
        "precision": "int",
        "min": 0,
        "max": 65535
      },
      "dimensions": [
        5490,
        5490
      ],
      "crs": "EPSG:32634",
      "crs_transform": [
        20,
        0,
        499980,
        0,
        -20,
        4300020
      ]
    },
    "MSK_CLASSI_CIRRUS": {
      "data_type": {
        "type": "PixelType",
        "precision": "int",
        "min": 0,
        "max": 255
      },
      "dimensions": [
        1830,
        1830
      ],
      "crs": "EPSG:32634",
      "crs_transform": [
        60,
        0,
        499980,
        0,
        -60,
        4300020
      ]
    },
    "WVP": {
      "data_type": {
        "type": "PixelType",
        "precision": "int",
        "min": 0,
        "max": 65535
      },
      "dimensions": [
        10980,
        10980
      ],
      "crs": "EPSG:32634",
      "crs_transform": [
        10,
        0,
        499980,
        0,
        -10,
        4300020
      ]
    },
    "MSK_CLASSI_OPAQUE": {
      "data_type": {
        "type": "PixelType",
        "precision": "int",
        "min": 0,
        "max": 255
      },
      "dimensions": [
        1830,
        1830
      ],
      "crs": "EPSG:32634",
      "crs_transform": [
        60,
        0,
        499980,
        0,
        -60,
        4300020
      ]
    },
    "MSK_CLASSI_SNOW_ICE": {
      "data_type": {
        "type": "PixelType",
        "precision": "int",
        "min": 0,
        "max": 255
      },
      "dimensions": [
        1830,
        1830
      ],
      "crs": "EPSG:32634",
      "crs_transform": [
        60,
        0,
        499980,
        0,
        -60,
        4300020
      ]
    },
    "B11": {
      "data_type": {
        "type": "PixelType",
        "precision": "int",
        "min": 0,
        "max": 65535
      },
      "dimensions": [
        5490,
        5490
      ],
      "crs": "EPSG:32634",
      "crs_transform": [
        20,
        0,
        499980,
        0,
        -20,
        4300020
      ]
    },
    "B12": {
      "data_type": {
        "type": "PixelType",
        "precision": "int",
        "min": 0,
        "max": 65535
      },
      "dimensions": [
        5490,
        5490
      ],
      "crs": "EPSG:32634",
      "crs_transform": [
        20,
        0,
        499980,
        0,
        -20,
        4300020
      ]
    },
    "AOT": {
      "data_type": {
        "type": "PixelType",
        "precision": "int",
        "min": 0,
        "max": 65535
      },
      "dimensions": [
        10980,
        10980
      ],
      "crs": "EPSG:32634",
      "crs_transform": [
        10,
        0,
        499980,
        0,
        -10,
        4300020
      ]
    },
    "QA20": {
      "data_type": {
        "type": "PixelType",
        "precision": "int",
        "min": 0,
        "max": 4294967295
      },
      "crs": "EPSG:4326",
      "crs_transform": [
        1,
        0,
        0,
        0,
        1,
        0
      ]
    },
    "MSK_CLDPRB": {
      "data_type": {
        "type": "PixelType",
        "precision": "int",
        "min": 0,
        "max": 255
      },
      "dimensions": [
        5490,
        5490
      ],
      "crs": "EPSG:32634",
      "crs_transform": [
        20,
        0,
        499980,
        0,
        -20,
        4300020
      ]
    },
    "B1": {
      "data_type": {
        "type": "PixelType",
        "precision": "int",
        "min": 0,
        "max": 65535
      },
      "dimensions": [
        1830,
        1830
      ],
      "crs": "EPSG:32634",
      "crs_transform": [
        60,
        0,
        499980,
        0,
        -60,
        4300020
      ]
    },
    "QA60": {
      "data_type": {
        "type": "PixelType",
        "precision": "int",
        "min": 0,
        "max": 65535
      },
      "dimensions": [
        1830,
        1830
      ],
      "crs": "EPSG:32634",
      "crs_transform": [
        60,
        0,
        499980,
        0,
        -60,
        4300020
      ]
    },
    "B2": {
      "data_type": {
        "type": "PixelType",
        "precision": "int",
        "min": 0,
        "max": 65535
      },
      "dimensions": [
        10980,
        10980
      ],
      "crs": "EPSG:32634",
      "crs_transform": [
        10,
        0,
        499980,
        0,
        -10,
        4300020
      ]
    },
    "B3": {
      "data_type": {
        "type": "PixelType",
        "precision": "int",
        "min": 0,
        "max": 65535
      },
      "dimensions": [
        10980,
        10980
      ],
      "crs": "EPSG:32634",
      "crs_transform": [
        10,
        0,
        499980,
        0,
        -10,
        4300020
      ]
    },
    "B4": {
      "data_type": {
        "type": "PixelType",
        "precision": "int",
        "min": 0,
        "max": 65535
      },
      "dimensions": [
        10980,
        10980
      ],
      "crs": "EPSG:32634",
      "crs_transform": [
        10,
        0,
        499980,
        0,
        -10,
        4300020
      ]
    },
    "TCI_R": {
      "data_type": {
        "type": "PixelType",
        "precision": "int",
        "min": 0,
        "max": 255
      },
      "dimensions": [
        10980,
        10980
      ],
      "crs": "EPSG:32634",
      "crs_transform": [
        10,
        0,
        499980,
        0,
        -10,
        4300020
      ]
    },
    "B5": {
      "data_type": {
        "type": "PixelType",
        "precision": "int",
        "min": 0,
        "max": 65535
      },
      "dimensions": [
        5490,
        5490
      ],
      "crs": "EPSG:32634",
      "crs_transform": [
        20,
        0,
        499980,
        0,
        -20,
        4300020
      ]
    },
    "B6": {
      "data_type": {
        "type": "PixelType",
        "precision": "int",
        "min": 0,
        "max": 65535
      },
      "dimensions": [
        5490,
        5490
      ],
      "crs": "EPSG:32634",
      "crs_transform": [
        20,
        0,
        499980,
        0,
        -20,
        4300020
      ]
    },
    "B7": {
      "data_type": {
        "type": "PixelType",
        "precision": "int",
        "min": 0,
        "max": 65535
      },
      "dimensions": [
        5490,
        5490
      ],
      "crs": "EPSG:32634",
      "crs_transform": [
        20,
        0,
        499980,
        0,
        -20,
        4300020
      ]
    },
    "B8": {
      "data_type": {
        "type": "PixelType",
        "precision": "int",
        "min": 0,
        "max": 65535
      },
      "dimensions": [
        10980,
        10980
      ],
      "crs": "EPSG:32634",
      "crs_transform": [
        10,
        0,
        499980,
        0,
        -10,
        4300020
      ]
    },
    "B9": {
      "data_type": {
        "type": "PixelType",
        "precision": "int",
        "min": 0,
        "max": 65535
      },
      "dimensions": [
        1830,
        1830
      ],
      "crs": "EPSG:32634",
      "crs_transform": [
        60,
        0,
        499980,
        0,
        -60,
        4300020
      ]
    },
    "MSK_SNWPRB": {
      "data_type": {
        "type": "PixelType",
        "precision": "int",
        "min": 0,
        "max": 255
      },
      "dimensions": [
        5490,
        5490
      ],
      "crs": "EPSG:32634",
      "crs_transform": [
        20,
        0,
        499980,
        0,
        -20,
        4300020
      ]
    },
    "SCL": {
      "data_type": {
        "type": "PixelType",
        "precision": "int",
        "min": 0,
        "max": 255
      },
      "dimensions": [
        5490,
        5490
      ],
      "crs": "EPSG:32634",
      "crs_transform": [
        20,
        0,
        499980,
        0,
        -20,
        4300020
      ]
    },
    "TCI_G": {
      "data_type": {
        "type": "PixelType",
        "precision": "int",
        "min": 0,
        "max": 255
      },
      "dimensions": [
        10980,
        10980
      ],
      "crs": "EPSG:32634",
      "crs_transform": [
        10,
        0,
        499980,
        0,
        -10,
        4300020
      ]
    }
  },
  "system:band_names": [
    "B1",
    "B2",
    "B3",
    "B4",
    "B5",
    "B6",
    "B7",
    "B8",
    "B8A",
    "B9",
    "B11",
    "B12",
    "AOT",
    "WVP",
    "SCL",
    "TCI_R",
    "TCI_G",
    "TCI_B",
    "MSK_CLDPRB",
    "MSK_SNWPRB",
    "QA10",
    "QA20",
    "QA60",
    "MSK_CLASSI_OPAQUE",
    "MSK_CLASSI_CIRRUS",
    "MSK_CLASSI_SNOW_ICE"
  ]
}