{
  "system:version": 1761671979569102,
  "system:id": "COPERNICUS/S2_SR_HARMONIZED/20250604T110619_20250604T111834_T30STF",
  "SPACECRAFT_NAME": "Sentinel-2B",
  "SATURATED_DEFECTIVE_PIXEL_PERCENTAGE": 0,
  "BOA_ADD_OFFSET_B12": -1000,
  "CLOUD_SHADOW_PERCENTAGE": 0.042863,
  "system:footprint": {
    "type": "LinearRing",
    "coordinates": [
      [
        -5.138704859841207,
        37.0273912624571
      ],
      [
        -5.138723390234264,
        37.02739372918777
      ],
      [
        -6.371322244032903,
        36.99875799598762
      ],
      [
        -6.371372502458381,
        36.99871996010184
      ],
      [
        -6.3714282820504895,
        36.99868734081898
      ],
      [
        -6.371431123806879,
        36.99867241625198
      ],
      [
        -6.360580775871604,
        36.75168666631717
      ],
      [
        -6.349862090786982,
        36.50469543253569
      ],
      [
        -6.3392732175411455,
        36.257691270966895
      ],
      [
        -6.328812388190047,
        36.010674212436655
      ],
      [
        -6.328765490591397,
        36.01063401723527
      ],
      [
        -6.328725084038104,
        36.010589345022275
      ],
      [
        -6.3287067469361995,
        36.01058708725929
      ],
      [
        -5.111655519774313,
        36.03821428925467
      ],
      [
        -5.111605201626524,
        36.0382517768253
      ],
      [
        -5.1115495575973755,
        36.03828386209364
      ],
      [
        -5.111546457431649,
        36.0382987285166
      ],
      [
        -5.1249171440670604,
        36.53282865809701
      ],
      [
        -5.13861761596903,
        37.02730565776486
      ],
      [
        -5.138664617892595,
        37.02734627157697
      ],
      [
        -5.138704859841207,
        37.0273912624571
      ]
    ]
  },
  "SENSOR_QUALITY": "PASSED",
  "GENERATION_TIME": 1749050149000,
  "CLOUDY_PIXEL_OVER_LAND_PERCENTAGE": 0.846912,
  "CLOUD_COVERAGE_ASSESSMENT": 3.475307,
  "THIN_CIRRUS_PERCENTAGE": 1.659467,
  "GRANULE_MEAN_WV": 1.317943,
  "BOA_ADD_OFFSET_B1": -1000,
  "BOA_ADD_OFFSET_B2": -1000,
  "DATASTRIP_ID": "S2B_OPER_MSI_L2A_DS_2BPS_20250604T151549_S20250604T111834_N05.11",
  "BOA_ADD_OFFSET_B5": -1000,
  "BOA_ADD_OFFSET_B6": -1000,
  "BOA_ADD_OFFSET_B3": -1000,
  "BOA_ADD_OFFSET_B4": -1000,
  "BOA_ADD_OFFSET_B9": -1000,
  "BOA_ADD_OFFSET_B7": -1000,
  "BOA_ADD_OFFSET_B8": -1000,
  "GRANULE_ID": "L2A_T30STF_A043063_20250604T111834",
  "MEAN_INCIDENCE_AZIMUTH_ANGLE_B8": 271.119813403118,
  "DATATAKE_TYPE": "INS-NOBS",
  "MEAN_INCIDENCE_AZIMUTH_ANGLE_B9": 270.330747376233,
  "MEAN_INCIDENCE_AZIMUTH_ANGLE_B6": 270.448822516645,
  "MEAN_INCIDENCE_AZIMUTH_ANGLE_B7": 270.426299663323,
  "MEAN_INCIDENCE_AZIMUTH_ANGLE_B4": 270.502435382563,
  "NOT_VEGETATED_PERCENTAGE": 36.83095,
  "MEAN_INCIDENCE_AZIMUTH_ANGLE_B5": 270.435944861064,
  "RADIOMETRIC_QUALITY": "PASSED",
  "MEAN_INCIDENCE_AZIMUTH_ANGLE_B2": 271.544657011249,
  "MEAN_INCIDENCE_AZIMUTH_ANGLE_B3": 270.822521633992,
  "MEAN_INCIDENCE_AZIMUTH_ANGLE_B1": 270.29431332377,
  "HIGH_PROBA_CLOUDS_PERCENTAGE": 0.50675,
  "UNCLASSIFIED_PERCENTAGE": 0.201443,
  "OZONE_SOURCE": "AUX_ECMWFT",
  "GRANULE_MEAN_AOT": 0.257379,
  "BOA_ADD_OFFSET_B8A": -1000,
  "SNOW_ICE_PERCENTAGE": 0,
  "BOA_ADD_OFFSET_B11": -1000,
  "BOA_ADD_OFFSET_B10": -1000,
  "GEOMETRIC_QUALITY": "PASSED",
  "system:asset_size": 1776457110,
  "system:index": "20250604T110619_20250604T111834_T30STF",
  "DATATAKE_IDENTIFIER": "GS2B_20250604T110619_043063_N05.11",
  "AOT_RETRIEVAL_ACCURACY": 0,
  "AOT_RETRIEVAL_METHOD": "SEN2COR_DDV",
  "MEAN_INCIDENCE_AZIMUTH_ANGLE_B8A": 270.436525110738,
  "MEAN_SOLAR_AZIMUTH_ANGLE": 132.997717016994,
  "VEGETATION_PERCENTAGE": 40.108418,
  "SOLAR_IRRADIANCE_B12": 87.75,
  "SOLAR_IRRADIANCE_B10": 365.41,
  "SOLAR_IRRADIANCE_B11": 247.08,
  "SOLAR_IRRADIANCE_B8A": 953.93,
  "FORMAT_CORRECTNESS": "PASSED",
  "system:time_end": 1749036068972,
  "WATER_VAPOUR_RETRIEVAL_ACCURACY": 0,
  "OZONE_VALUE": 348.519448,
  "CAST_SHADOW_PERCENTAGE": 0.017512,
  "system:time_start": 1749036068972,
  "PROCESSING_BASELINE": "05.11",
  "SENSING_ORBIT_NUMBER": 137,
  "NODATA_PIXEL_PERCENTAGE": 0,
  "SENSING_ORBIT_DIRECTION": "DESCENDING",
  "GENERAL_QUALITY": "PASSED",
  "REFLECTANCE_CONVERSION_CORRECTION": 0.972764712703554,
  "MEDIUM_PROBA_CLOUDS_PERCENTAGE": 1.30909,
  "MEAN_INCIDENCE_ZENITH_ANGLE_B1": 5.177738659858,
  "MEAN_INCIDENCE_ZENITH_ANGLE_B5": 4.95410950366331,
  "MEAN_INCIDENCE_ZENITH_ANGLE_B4": 4.90140249368389,
  "MEAN_INCIDENCE_ZENITH_ANGLE_B3": 4.82459844336755,
  "MEAN_INCIDENCE_ZENITH_ANGLE_B2": 4.75808001528616,
  "MEAN_INCIDENCE_ZENITH_ANGLE_B9": 5.24360126726762,
  "MEAN_INCIDENCE_ZENITH_ANGLE_B8": 4.78897062173304,
  "MEAN_INCIDENCE_ZENITH_ANGLE_B7": 5.06315340319306,
  "MEAN_INCIDENCE_ZENITH_ANGLE_B6": 5.00353377454652,
  "MEAN_SOLAR_ZENITH_ANGLE": 19.1384856870966,
  "MEAN_INCIDENCE_ZENITH_ANGLE_B8A": 5.12091027814201,
  "RADIATIVE_TRANSFER_ACCURACY": 0,
  "MGRS_TILE": "30STF",
  "CLOUDY_PIXEL_PERCENTAGE": 3.475307,
  "PRODUCT_ID": "S2B_MSIL2A_20250604T110619_N0511_R137_T30STF_20250604T151549",
  "MEAN_INCIDENCE_ZENITH_ANGLE_B10": 4.88147090673517,
  "SOLAR_IRRADIANCE_B9": 817.58,
  "DEGRADED_MSI_DATA_PERCENTAGE": 0.0158,
  "MEAN_INCIDENCE_ZENITH_ANGLE_B11": 4.99648020466587,
  "L2A_QUALITY": "PASSED",
  "MEAN_INCIDENCE_ZENITH_ANGLE_B12": 5.13403803989056,
  "SOLAR_IRRADIANCE_B6": 1291.13,
  "MEAN_INCIDENCE_AZIMUTH_ANGLE_B10": 270.44646137311,
  "SOLAR_IRRADIANCE_B5": 1425.78,
  "MEAN_INCIDENCE_AZIMUTH_ANGLE_B11": 270.337426378644,
  "SOLAR_IRRADIANCE_B8": 1041.28,
  "MEAN_INCIDENCE_AZIMUTH_ANGLE_B12": 270.279844993809,
  "SOLAR_IRRADIANCE_B7": 1175.57,
  "SOLAR_IRRADIANCE_B2": 1959.75,
  "SOLAR_IRRADIANCE_B1": 1874.3,
  "SOLAR_IRRADIANCE_B4": 1512.79,
  "SOLAR_IRRADIANCE_B3": 1824.93,
  "WATER_PERCENTAGE": 19.32351,
  "system:bands": {
    "TCI_B": {
      "data_type": {
        "type": "PixelType",
        "precision": "int",
        "min": 0,
        "max": 255
      },
      "dimensions": [
        10980,
        10980
      ],
      "crs": "EPSG:32630",
      "crs_transform": [
        10,
        0,
        199980,
        0,
        -10,
        4100040
      ]
    },
    "QA10": {
      "data_type": {
        "type": "PixelType",
        "precision": "int",
        "min": 0,
        "max": 65535
      },
      "crs": "EPSG:4326",
      "crs_transform": [
        1,
        0,
        0,
        0,
        1,
        0
      ]
    },
    "B8A": {
      "data_type": {
        "type": "PixelType",
        "precision": "int",
        "min": 0,
        "max": 65535
      },
      "dimensions": [
        5490,
        5490
      ],
      "crs": "EPSG:32630",
      "crs_transform": [
        20,
        0,
        199980,
        0,
        -20,
        4100040
      ]
    },
    "MSK_CLASSI_CIRRUS": {
      "data_type": {
        "type": "PixelType",
        "precision": "int",
        "min": 0,
        "max": 255
      },
      "dimensions": [
        1830,
        1830
      ],
      "crs": "EPSG:32630",
      "crs_transform": [
        60,
        0,
        199980,
        0,
        -60,
        4100040
      ]
    },
    "WVP": {
      "data_type": {
        "type": "PixelType",
        "precision": "int",
        "min": 0,
        "max": 65535
      },
      "dimensions": [
        10980,
        10980
      ],
      "crs": "EPSG:32630",
      "crs_transform": [
        10,
        0,
        199980,
        0,
        -10,
        4100040
      ]
    },
    "MSK_CLASSI_OPAQUE": {
      "data_type": {
        "type": "PixelType",
        "precision": "int",
        "min": 0,
        "max": 255
      },
      "dimensions": [
        1830,
        1830
      ],
      "crs": "EPSG:32630",
      "crs_transform": [
        60,
        0,
        199980,
        0,
        -60,
        4100040
      ]
    },
    "MSK_CLASSI_SNOW_ICE": {
      "data_type": {
        "type": "PixelType",
        "precision": "int",
        "min": 0,
        "max": 255
      },
      "dimensions": [
        1830,
        1830
      ],
      "crs": "EPSG:32630",
      "crs_transform": [
        60,
        0,
        199980,
        0,
        -60,
        4100040
      ]
    },
    "B11": {
      "data_type": {
        "type": "PixelType",
        "precision": "int",
        "min": 0,
        "max": 65535
      },
      "dimensions": [
        5490,
        5490
      ],
      "crs": "EPSG:32630",
      "crs_transform": [
        20,
        0,
        199980,
        0,
        -20,
        4100040
      ]
    },
    "B12": {
      "data_type": {
        "type": "PixelType",
        "precision": "int",
        "min": 0,
        "max": 65535
      },
      "dimensions": [
        5490,
        5490
      ],
      "crs": "EPSG:32630",
      "crs_transform": [
        20,
        0,
        199980,
        0,
        -20,
        4100040
      ]
    },
    "AOT": {
      "data_type": {
        "type": "PixelType",
        "precision": "int",
        "min": 0,
        "max": 65535
      },
      "dimensions": [
        10980,
        10980
      ],
      "crs": "EPSG:32630",
      "crs_transform": [
        10,
        0,
        199980,
        0,
        -10,
        4100040
      ]
    },
    "QA20": {
      "data_type": {
        "type": "PixelType",
        "precision": "int",
        "min": 0,
        "max": 4294967295
      },
      "crs": "EPSG:4326",
      "crs_transform": [
        1,
        0,
        0,
        0,
        1,
        0
      ]
    },
    "MSK_CLDPRB": {
      "data_type": {
        "type": "PixelType",
        "precision": "int",
        "min": 0,
        "max": 255
      },
      "dimensions": [
        5490,
        5490
      ],
      "crs": "EPSG:32630",
      "crs_transform": [
        20,
        0,
        199980,
        0,
        -20,
        4100040
      ]
    },
    "B1": {
      "data_type": {
        "type": "PixelType",
        "precision": "int",
        "min": 0,
        "max": 65535
      },
      "dimensions": [
        1830,
        1830
      ],
      "crs": "EPSG:32630",
      "crs_transform": [
        60,
        0,
        199980,
        0,
        -60,
        4100040
      ]
    },
    "QA60": {
      "data_type": {
        "type": "PixelType",
        "precision": "int",
        "min": 0,
        "max": 65535
      },
      "dimensions": [
        1830,
        1830
      ],
      "crs": "EPSG:32630",
      "crs_transform": [
        60,
        0,
        199980,
        0,
        -60,
        4100040
      ]
    },
    "B2": {
      "data_type": {
        "type": "PixelType",
        "precision": "int",
        "min": 0,
        "max": 65535
      },
      "dimensions": [
        10980,
        10980
      ],
      "crs": "EPSG:32630",
      "crs_transform": [
        10,
        0,
        199980,
        0,
        -10,
        4100040
      ]
    },
    "B3": {
      "data_type": {
        "type": "PixelType",
        "precision": "int",
        "min": 0,
        "max": 65535
      },
      "dimensions": [
        10980,
        10980
      ],
      "crs": "EPSG:32630",
      "crs_transform": [
        10,
        0,
        199980,
        0,
        -10,
        4100040
      ]
    },
    "B4": {
      "data_type": {
        "type": "PixelType",
        "precision": "int",
        "min": 0,
        "max": 65535
      },
      "dimensions": [
        10980,
        10980
      ],
      "crs": "EPSG:32630",
      "crs_transform": [
        10,
        0,
        199980,
        0,
        -10,
        4100040
      ]
    },
    "TCI_R": {
      "data_type": {
        "type": "PixelType",
        "precision": "int",
        "min": 0,
        "max": 255
      },
      "dimensions": [
        10980,
        10980
      ],
      "crs": "EPSG:32630",
      "crs_transform": [
        10,
        0,
        199980,
        0,
        -10,
        4100040
      ]
    },
    "B5": {
      "data_type": {
        "type": "PixelType",
        "precision": "int",
        "min": 0,
        "max": 65535
      },
      "dimensions": [
        5490,
        5490
      ],
      "crs": "EPSG:32630",
      "crs_transform": [
        20,
        0,
        199980,
        0,
        -20,
        4100040
      ]
    },
    "B6": {
      "data_type": {
        "type": "PixelType",
        "precision": "int",
        "min": 0,
        "max": 65535
      },
      "dimensions": [
        5490,
        5490
      ],
      "crs": "EPSG:32630",
      "crs_transform": [
        20,
        0,
        199980,
        0,
        -20,
        4100040
      ]
    },
    "B7": {
      "data_type": {
        "type": "PixelType",
        "precision": "int",
        "min": 0,
        "max": 65535
      },
      "dimensions": [
        5490,
        5490
      ],
      "crs": "EPSG:32630",
      "crs_transform": [
        20,
        0,
        199980,
        0,
        -20,
        4100040
      ]
    },
    "B8": {
      "data_type": {
        "type": "PixelType",
        "precision": "int",
        "min": 0,
        "max": 65535
      },
      "dimensions": [
        10980,
        10980
      ],
      "crs": "EPSG:32630",
      "crs_transform": [
        10,
        0,
        199980,
        0,
        -10,
        4100040
      ]
    },
    "B9": {
      "data_type": {
        "type": "PixelType",
        "precision": "int",
        "min": 0,
        "max": 65535
      },
      "dimensions": [
        1830,
        1830
      ],
      "crs": "EPSG:32630",
      "crs_transform": [
        60,
        0,
        199980,
        0,
        -60,
        4100040
      ]
    },
    "MSK_SNWPRB": {
      "data_type": {
        "type": "PixelType",
        "precision": "int",
        "min": 0,
        "max": 255
      },
      "dimensions": [
        5490,
        5490
      ],
      "crs": "EPSG:32630",
      "crs_transform": [
        20,
        0,
        199980,
        0,
        -20,
        4100040
      ]
    },
    "SCL": {
      "data_type": {
        "type": "PixelType",
        "precision": "int",
        "min": 0,
        "max": 255
      },
      "dimensions": [
        5490,
        5490
      ],
      "crs": "EPSG:32630",
      "crs_transform": [
        20,
        0,
        199980,
        0,
        -20,
        4100040
      ]
    },
    "TCI_G": {
      "data_type": {
        "type": "PixelType",
        "precision": "int",
        "min": 0,
        "max": 255
      },
      "dimensions": [
        10980,
        10980
      ],
      "crs": "EPSG:32630",
      "crs_transform": [
        10,
        0,
        199980,
        0,
        -10,
        4100040
      ]
    }
  },
  "system:band_names": [
    "B1",
    "B2",
    "B3",
    "B4",
    "B5",
    "B6",
    "B7",
    "B8",
    "B8A",
    "B9",
    "B11",
    "B12",
    "AOT",
    "WVP",
    "SCL",
    "TCI_R",
    "TCI_G",
    "TCI_B",
    "MSK_CLDPRB",
    "MSK_SNWPRB",
    "QA10",
    "QA20",
    "QA60",
    "MSK_CLASSI_OPAQUE",
    "MSK_CLASSI_CIRRUS",
    "MSK_CLASSI_SNOW_ICE"
  ]
}