{
  "system:version": 1761671979569102,
  "system:id": "COPERNICUS/S2_SR_HARMONIZED/20250609T102701_20250609T103729_T32TLQ",
  "SPACECRAFT_NAME": "Sentinel-2A",
  "SATURATED_DEFECTIVE_PIXEL_PERCENTAGE": 0,
  "BOA_ADD_OFFSET_B12": -1000,
  "CLOUD_SHADOW_PERCENTAGE": 0.284574,
  "system:footprint": {
    "type": "LinearRing",
    "coordinates": [
      [
        7.852352401155512,
        45.14816005799976
      ],
      [
        7.852336442789298,
        45.148160584029135
      ],
      [
        6.456856516140544,
        45.12560346997038
      ],
      [
        6.456799414685342,
        45.1255656588187
      ],
      [
        6.456736031608012,
        45.12553314537671
      ],
      [
        6.45673267007897,
        45.12551829393776
      ],
      [
        6.478400557374038,
        44.631867831703104
      ],
      [
        6.499518701612243,
        44.13817389826988
      ],
      [
        6.499571340441375,
        44.13813358609077
      ],
      [
        6.499616657057292,
        44.13808885497277
      ],
      [
        6.499637322095778,
        44.13808645133701
      ],
      [
        7.871666920836444,
        44.15988423346738
      ],
      [
        7.871724051616696,
        44.15992132968815
      ],
      [
        7.871787161252779,
        44.15995304423725
      ],
      [
        7.871790731931228,
        44.15996791892537
      ],
      [
        7.862252427301278,
        44.654045911061075
      ],
      [
        7.852465818458169,
        45.14807189364682
      ],
      [
        7.8524131334706055,
        45.148112862287334
      ],
      [
        7.852368138943076,
        45.14815811118991
      ],
      [
        7.852352401155512,
        45.14816005799976
      ]
    ]
  },
  "SENSOR_QUALITY": "PASSED",
  "GENERATION_TIME": 1749479675000,
  "CLOUDY_PIXEL_OVER_LAND_PERCENTAGE": 13.155256,
  "CLOUD_COVERAGE_ASSESSMENT": 13.159415,
  "THIN_CIRRUS_PERCENTAGE": 0.224608,
  "GRANULE_MEAN_WV": 1.140495,
  "BOA_ADD_OFFSET_B1": -1000,
  "BOA_ADD_OFFSET_B2": -1000,
  "DATASTRIP_ID": "S2A_OPER_MSI_L2A_DS_2APS_20250609T143435_S20250609T103729_N05.11",
  "BOA_ADD_OFFSET_B5": -1000,
  "BOA_ADD_OFFSET_B6": -1000,
  "BOA_ADD_OFFSET_B3": -1000,
  "BOA_ADD_OFFSET_B4": -1000,
  "BOA_ADD_OFFSET_B9": -1000,
  "BOA_ADD_OFFSET_B7": -1000,
  "BOA_ADD_OFFSET_B8": -1000,
  "GRANULE_ID": "L2A_T32TLQ_A052043_20250609T103729",
  "MEAN_INCIDENCE_AZIMUTH_ANGLE_B8": 276.581299128949,
  "DATATAKE_TYPE": "INS-NOBS",
  "MEAN_INCIDENCE_AZIMUTH_ANGLE_B9": 275.983540638065,
  "MEAN_INCIDENCE_AZIMUTH_ANGLE_B6": 275.982370078661,
  "MEAN_INCIDENCE_AZIMUTH_ANGLE_B7": 275.985389336308,
  "MEAN_INCIDENCE_AZIMUTH_ANGLE_B4": 276.120523445577,
  "NOT_VEGETATED_PERCENTAGE": 19.411488,
  "MEAN_INCIDENCE_AZIMUTH_ANGLE_B5": 276.022896230723,
  "RADIOMETRIC_QUALITY": "PASSED",
  "MEAN_INCIDENCE_AZIMUTH_ANGLE_B2": 276.957696561347,
  "MEAN_INCIDENCE_AZIMUTH_ANGLE_B3": 276.417347391488,
  "MEAN_INCIDENCE_AZIMUTH_ANGLE_B1": 275.955192922923,
  "HIGH_PROBA_CLOUDS_PERCENTAGE": 9.151778,
  "UNCLASSIFIED_PERCENTAGE": 0.843819,
  "OZONE_SOURCE": "AUX_ECMWFT",
  "GRANULE_MEAN_AOT": 0.313465,
  "BOA_ADD_OFFSET_B8A": -1000,
  "SNOW_ICE_PERCENTAGE": 3.791145,
  "BOA_ADD_OFFSET_B11": -1000,
  "BOA_ADD_OFFSET_B10": -1000,
  "GEOMETRIC_QUALITY": "PASSED",
  "system:asset_size": 1843263317,
  "system:index": "20250609T102701_20250609T103729_T32TLQ",
  "DATATAKE_IDENTIFIER": "GS2A_20250609T102701_052043_N05.11",
  "AOT_RETRIEVAL_ACCURACY": 0,
  "AOT_RETRIEVAL_METHOD": "SEN2COR_DDV",
  "MEAN_INCIDENCE_AZIMUTH_ANGLE_B8A": 275.990228300669,
  "MEAN_SOLAR_AZIMUTH_ANGLE": 149.689898052546,
  "VEGETATION_PERCENTAGE": 61.844975,
  "SOLAR_IRRADIANCE_B12": 85.25,
  "SOLAR_IRRADIANCE_B10": 367.15,
  "SOLAR_IRRADIANCE_B11": 245.59,
  "SOLAR_IRRADIANCE_B8A": 955.32,
  "FORMAT_CORRECTNESS": "PASSED",
  "system:time_end": 1749465528744,
  "WATER_VAPOUR_RETRIEVAL_ACCURACY": 0,
  "OZONE_VALUE": 324.688429,
  "CAST_SHADOW_PERCENTAGE": 0.589892,
  "system:time_start": 1749465528744,
  "PROCESSING_BASELINE": "05.11",
  "SENSING_ORBIT_NUMBER": 108,
  "NODATA_PIXEL_PERCENTAGE": 0,
  "SENSING_ORBIT_DIRECTION": "DESCENDING",
  "GENERAL_QUALITY": "PASSED",
  "REFLECTANCE_CONVERSION_CORRECTION": 0.971338194980043,
  "MEDIUM_PROBA_CLOUDS_PERCENTAGE": 3.78303,
  "MEAN_INCIDENCE_ZENITH_ANGLE_B1": 5.3384459264462,
  "MEAN_INCIDENCE_ZENITH_ANGLE_B5": 5.12861816684445,
  "MEAN_INCIDENCE_ZENITH_ANGLE_B4": 5.08344740770384,
  "MEAN_INCIDENCE_ZENITH_ANGLE_B3": 5.00055343173947,
  "MEAN_INCIDENCE_ZENITH_ANGLE_B2": 4.94397640786067,
  "MEAN_INCIDENCE_ZENITH_ANGLE_B9": 5.40181310172748,
  "MEAN_INCIDENCE_ZENITH_ANGLE_B8": 4.9744724340784,
  "MEAN_INCIDENCE_ZENITH_ANGLE_B7": 5.23457805950917,
  "MEAN_INCIDENCE_ZENITH_ANGLE_B6": 5.17726607662843,
  "MEAN_SOLAR_ZENITH_ANGLE": 24.1280409501404,
  "MEAN_INCIDENCE_ZENITH_ANGLE_B8A": 5.28192325052059,
  "RADIATIVE_TRANSFER_ACCURACY": 0,
  "MGRS_TILE": "32TLQ",
  "CLOUDY_PIXEL_PERCENTAGE": 13.159415,
  "PRODUCT_ID": "S2A_MSIL2A_20250609T102701_N0511_R108_T32TLQ_20250609T143435",
  "MEAN_INCIDENCE_ZENITH_ANGLE_B10": 5.05987284888567,
  "SOLAR_IRRADIANCE_B9": 812.92,
  "DEGRADED_MSI_DATA_PERCENTAGE": 0.0255,
  "MEAN_INCIDENCE_ZENITH_ANGLE_B11": 5.16875964382398,
  "L2A_QUALITY": "PASSED",
  "MEAN_INCIDENCE_ZENITH_ANGLE_B12": 5.29776935632183,
  "SOLAR_IRRADIANCE_B6": 1287.61,
  "MEAN_INCIDENCE_AZIMUTH_ANGLE_B10": 275.92351489263,
  "SOLAR_IRRADIANCE_B5": 1424.64,
  "MEAN_INCIDENCE_AZIMUTH_ANGLE_B11": 275.748563433861,
  "SOLAR_IRRADIANCE_B8": 1041.63,
  "MEAN_INCIDENCE_AZIMUTH_ANGLE_B12": 275.698732237254,
  "SOLAR_IRRADIANCE_B7": 1162.08,
  "SOLAR_IRRADIANCE_B2": 1959.66,
  "SOLAR_IRRADIANCE_B1": 1884.69,
  "SOLAR_IRRADIANCE_B4": 1512.06,
  "SOLAR_IRRADIANCE_B3": 1823.24,
  "WATER_PERCENTAGE": 0.074688,
  "system:bands": {
    "TCI_B": {
      "data_type": {
        "type": "PixelType",
        "precision": "int",
        "min": 0,
        "max": 255
      },
      "dimensions": [
        10980,
        10980
      ],
      "crs": "EPSG:32632",
      "crs_transform": [
        10,
        0,
        300000,
        0,
        -10,
        5000040
      ]
    },
    "QA10": {
      "data_type": {
        "type": "PixelType",
        "precision": "int",
        "min": 0,
        "max": 65535
      },
      "crs": "EPSG:4326",
      "crs_transform": [
        1,
        0,
        0,
        0,
        1,
        0
      ]
    },
    "B8A": {
      "data_type": {
        "type": "PixelType",
        "precision": "int",
        "min": 0,
        "max": 65535
      },
      "dimensions": [
        5490,
        5490
      ],
      "crs": "EPSG:32632",
      "crs_transform": [
        20,
        0,
        300000,
        0,
        -20,
        5000040
      ]
    },
    "MSK_CLASSI_CIRRUS": {
      "data_type": {
        "type": "PixelType",
        "precision": "int",
        "min": 0,
        "max": 255
      },
      "dimensions": [
        1830,
        1830
      ],
      "crs": "EPSG:32632",
      "crs_transform": [
        60,
        0,
        300000,
        0,
        -60,
        5000040
      ]
    },
    "WVP": {
      "data_type": {
        "type": "PixelType",
        "precision": "int",
        "min": 0,
        "max": 65535
      },
      "dimensions": [
        10980,
        10980
      ],
      "crs": "EPSG:32632",
      "crs_transform": [
        10,
        0,
        300000,
        0,
        -10,
        5000040
      ]
    },
    "MSK_CLASSI_OPAQUE": {
      "data_type": {
        "type": "PixelType",
        "precision": "int",
        "min": 0,
        "max": 255
      },
      "dimensions": [
        1830,
        1830
      ],
      "crs": "EPSG:32632",
      "crs_transform": [
        60,
        0,
        300000,
        0,
        -60,
        5000040
      ]
    },
    "MSK_CLASSI_SNOW_ICE": {
      "data_type": {
        "type": "PixelType",
        "precision": "int",
        "min": 0,
        "max": 255
      },
      "dimensions": [
        1830,
        1830
      ],
      "crs": "EPSG:32632",
      "crs_transform": [
        60,
        0,
        300000,
        0,
        -60,
        5000040
      ]
    },
    "B11": {
      "data_type": {
        "type": "PixelType",
        "precision": "int",
        "min": 0,
        "max": 65535
      },
      "dimensions": [
        5490,
        5490
      ],
      "crs": "EPSG:32632",
      "crs_transform": [
        20,
        0,
        300000,
        0,
        -20,
        5000040
      ]
    },
    "B12": {
      "data_type": {
        "type": "PixelType",
        "precision": "int",
        "min": 0,
        "max": 65535
      },
      "dimensions": [
        5490,
        5490
      ],
      "crs": "EPSG:32632",
      "crs_transform": [
        20,
        0,
        300000,
        0,
        -20,
        5000040
      ]
    },
    "AOT": {
      "data_type": {
        "type": "PixelType",
        "precision": "int",
        "min": 0,
        "max": 65535
      },
      "dimensions": [
        10980,
        10980
      ],
      "crs": "EPSG:32632",
      "crs_transform": [
        10,
        0,
        300000,
        0,
        -10,
        5000040
      ]
    },
    "QA20": {
      "data_type": {
        "type": "PixelType",
        "precision": "int",
        "min": 0,
        "max": 4294967295
      },
      "crs": "EPSG:4326",
      "crs_transform": [
        1,
        0,
        0,
        0,
        1,
        0
      ]
    },
    "MSK_CLDPRB": {
      "data_type": {
        "type": "PixelType",
        "precision": "int",
        "min": 0,
        "max": 255
      },
      "dimensions": [
        5490,
        5490
      ],
      "crs": "EPSG:32632",
      "crs_transform": [
        20,
        0,
        300000,
        0,
        -20,
        5000040
      ]
    },
    "B1": {
      "data_type": {
        "type": "PixelType",
        "precision": "int",
        "min": 0,
        "max": 65535
      },
      "dimensions": [
        1830,
        1830
      ],
      "crs": "EPSG:32632",
      "crs_transform": [
        60,
        0,
        300000,
        0,
        -60,
        5000040
      ]
    },
    "QA60": {
      "data_type": {
        "type": "PixelType",
        "precision": "int",
        "min": 0,
        "max": 65535
      },
      "dimensions": [
        1830,
        1830
      ],
      "crs": "EPSG:32632",
      "crs_transform": [
        60,
        0,
        300000,
        0,
        -60,
        5000040
      ]
    },
    "B2": {
      "data_type": {
        "type": "PixelType",
        "precision": "int",
        "min": 0,
        "max": 65535
      },
      "dimensions": [
        10980,
        10980
      ],
      "crs": "EPSG:32632",
      "crs_transform": [
        10,
        0,
        300000,
        0,
        -10,
        5000040
      ]
    },
    "B3": {
      "data_type": {
        "type": "PixelType",
        "precision": "int",
        "min": 0,
        "max": 65535
      },
      "dimensions": [
        10980,
        10980
      ],
      "crs": "EPSG:32632",
      "crs_transform": [
        10,
        0,
        300000,
        0,
        -10,
        5000040
      ]
    },
    "B4": {
      "data_type": {
        "type": "PixelType",
        "precision": "int",
        "min": 0,
        "max": 65535
      },
      "dimensions": [
        10980,
        10980
      ],
      "crs": "EPSG:32632",
      "crs_transform": [
        10,
        0,
        300000,
        0,
        -10,
        5000040
      ]
    },
    "TCI_R": {
      "data_type": {
        "type": "PixelType",
        "precision": "int",
        "min": 0,
        "max": 255
      },
      "dimensions": [
        10980,
        10980
      ],
      "crs": "EPSG:32632",
      "crs_transform": [
        10,
        0,
        300000,
        0,
        -10,
        5000040
      ]
    },
    "B5": {
      "data_type": {
        "type": "PixelType",
        "precision": "int",
        "min": 0,
        "max": 65535
      },
      "dimensions": [
        5490,
        5490
      ],
      "crs": "EPSG:32632",
      "crs_transform": [
        20,
        0,
        300000,
        0,
        -20,
        5000040
      ]
    },
    "B6": {
      "data_type": {
        "type": "PixelType",
        "precision": "int",
        "min": 0,
        "max": 65535
      },
      "dimensions": [
        5490,
        5490
      ],
      "crs": "EPSG:32632",
      "crs_transform": [
        20,
        0,
        300000,
        0,
        -20,
        5000040
      ]
    },
    "B7": {
      "data_type": {
        "type": "PixelType",
        "precision": "int",
        "min": 0,
        "max": 65535
      },
      "dimensions": [
        5490,
        5490
      ],
      "crs": "EPSG:32632",
      "crs_transform": [
        20,
        0,
        300000,
        0,
        -20,
        5000040
      ]
    },
    "B8": {
      "data_type": {
        "type": "PixelType",
        "precision": "int",
        "min": 0,
        "max": 65535
      },
      "dimensions": [
        10980,
        10980
      ],
      "crs": "EPSG:32632",
      "crs_transform": [
        10,
        0,
        300000,
        0,
        -10,
        5000040
      ]
    },
    "B9": {
      "data_type": {
        "type": "PixelType",
        "precision": "int",
        "min": 0,
        "max": 65535
      },
      "dimensions": [
        1830,
        1830
      ],
      "crs": "EPSG:32632",
      "crs_transform": [
        60,
        0,
        300000,
        0,
        -60,
        5000040
      ]
    },
    "MSK_SNWPRB": {
      "data_type": {
        "type": "PixelType",
        "precision": "int",
        "min": 0,
        "max": 255
      },
      "dimensions": [
        5490,
        5490
      ],
      "crs": "EPSG:32632",
      "crs_transform": [
        20,
        0,
        300000,
        0,
        -20,
        5000040
      ]
    },
    "SCL": {
      "data_type": {
        "type": "PixelType",
        "precision": "int",
        "min": 0,
        "max": 255
      },
      "dimensions": [
        5490,
        5490
      ],
      "crs": "EPSG:32632",
      "crs_transform": [
        20,
        0,
        300000,
        0,
        -20,
        5000040
      ]
    },
    "TCI_G": {
      "data_type": {
        "type": "PixelType",
        "precision": "int",
        "min": 0,
        "max": 255
      },
      "dimensions": [
        10980,
        10980
      ],
      "crs": "EPSG:32632",
      "crs_transform": [
        10,
        0,
        300000,
        0,
        -10,
        5000040
      ]
    }
  },
  "system:band_names": [
    "B1",
    "B2",
    "B3",
    "B4",
    "B5",
    "B6",
    "B7",
    "B8",
    "B8A",
    "B9",
    "B11",
    "B12",
    "AOT",
    "WVP",
    "SCL",
    "TCI_R",
    "TCI_G",
    "TCI_B",
    "MSK_CLDPRB",
    "MSK_SNWPRB",
    "QA10",
    "QA20",
    "QA60",
    "MSK_CLASSI_OPAQUE",
    "MSK_CLASSI_CIRRUS",
    "MSK_CLASSI_SNOW_ICE"
  ]
}