Dates,longitude,latitude,id,NDVI,ImageID,image_path,json_path
20250602,-8.00574089630897,38.18176825739511,337,0.4342560553633218,20250602T112131_20250602T113031_T29SNC,/content/ndvi_output/RGB_NDVI_20250602T112131_20250602T113031_T29SNC.tif,/content/ndvi_output/processed_metadata_20250602T112131_20250602T113031_T29SNC.json
20250604,-5.748274587316612,36.444875655550014,343,0.4426507815551411,20250604T110619_20250604T111834_T30STF,/content/ndvi_output/RGB_NDVI_20250604T110619_20250604T111834_T30STF.tif,/content/ndvi_output/processed_metadata_20250604T110619_20250604T111834_T30STF.json
20250606,22.080365104836808,38.17071897940044,35,0.17723812975715836,20250606T092051_20250606T092048_T34SEH,/content/ndvi_output/RGB_NDVI_20250606T092051_20250606T092048_T34SEH.tif,/content/ndvi_output/processed_metadata_20250606T092051_20250606T092048_T34SEH.json
20250607,-8.00574089630897,38.18176825739511,337,0.429910524073285,20250607T112109_20250607T112112_T29SNC,/content/ndvi_output/RGB_NDVI_20250607T112109_20250607T112112_T29SNC.tif,/content/ndvi_output/processed_metadata_20250607T112109_20250607T112112_T29SNC.json
20250608,22.080365104836808,38.17071897940044,35,0.20815138282387197,20250608T092041_20250608T092710_T34SEH,/content/ndvi_output/RGB_NDVI_20250608T092041_20250608T092710_T34SEH.tif,/content/ndvi_output/processed_metadata_20250608T092041_20250608T092710_T34SEH.json
20250609,7.671837105201743,45.012198351726305,342,0.16514448270699209,20250609T102701_20250609T103729_T32TLQ,/content/ndvi_output/RGB_NDVI_20250609T102701_20250609T103729_T32TLQ.tif,/content/ndvi_output/processed_metadata_20250609T102701_20250609T103729_T32TLQ.json
