{
  "imageID": "20250607",
  "point_id": 343,
  "lon": -5.748250733008798,
  "lat": 36.44491953376633,
  "properties": {
    "TIMEOFDAY_scale": 0.01,
    "system:time_start": 1749254400000,
    "system:footprint": {
      "type": "LinearRing",
      "coordinates": [
        [
          -180,
          -90
        ],
        [
          180,
          -90
        ],
        [
          180,
          90
        ],
        [
          -180,
          90
        ],
        [
          -180,
          -90
        ]
      ]
    },
    "system:time_end": 1749340800000,
    "system:version": 1749591934615904,
    "system:id": "NOAA/CDR/VIIRS/NDVI/V1/20250607",
    "system:asset_size": 24995581,
    "NDVI_scale": 0.0001,
    "platform": "NOAA-20",
    "status": "permanent",
    "system:index": "20250607",
    "system:bands": {
      "NDVI": {
        "data_type": {
          "type": "PixelType",
          "precision": "double",
          "min": -3.2768,
          "max": 3.2767
        },
        "crs": "EPSG:4326",
        "crs_transform": [
          0.05,
          0,
          -180,
          0,
          -0.05,
          90
        ]
      }
    },
    "system:band_names": [
      "NDVI"
    ]
  },
  "system:bands": [
    {
      "id": "NDVI",
      "data_type": {
        "type": "PixelType",
        "precision": "double",
        "min": -3.2768,
        "max": 3.2767
      },
      "crs": "EPSG:4326",
      "crs_transform": [
        0.05,
        0,
        -180,
        0,
        -0.05,
        90
      ]
    }
  ],
  "system:footprint": null
}