image_id,json_path,conflict_path,kept_from_full,other_from_raw
metadata_20250601_ID343,./merged_metadata_noaa/metadata_20250601_ID343.json,/system:bands,,"{""NDVI"": {""crs"": ""EPSG:4326"", ""crs_transform"": [0.05, 0, -180, 0, -0.05, 90], ""data_type"": {""max"": 32767, ""min"": -32768, ""precision"": ""int"", ""type"": ""PixelType""}, ""dimensions"": [7200, 3600]}, ""QA"": {""crs"": ""EPSG:4326"", ""crs_transform"": [0.05, 0, -180, 0, -0.05, 90], ""data_type"": {""max"": 32767, ""min"": -32768, ""precision"": ""int"", ""type"": ""PixelType""}, ""dimensions"": [7200, 3600]}, ""TIMEOFDAY"": {""crs"": ""EPSG:4326"", ""crs_transform"": [0.05, 0, -180, 0, -0.05, 90], ""data_type"": {""max"": 32767, ""min"": -32768, ""precision"": ""int"", ""type"": ""PixelType""}, ""dimensions"": [7200, 3600]}}"
metadata_20250601_ID343,./merged_metadata_noaa/metadata_20250601_ID343.json,/system:footprint,,"{""coordinates"": [[-180, -90], [180, -90], [180, 90], [-180, 90], [-180, -90]], ""type"": ""LinearRing""}"
metadata_20250602_ID337,./merged_metadata_noaa/metadata_20250602_ID337.json,/system:bands,,"{""NDVI"": {""crs"": ""EPSG:4326"", ""crs_transform"": [0.05, 0, -180, 0, -0.05, 90], ""data_type"": {""max"": 32767, ""min"": -32768, ""precision"": ""int"", ""type"": ""PixelType""}, ""dimensions"": [7200, 3600]}, ""QA"": {""crs"": ""EPSG:4326"", ""crs_transform"": [0.05, 0, -180, 0, -0.05, 90], ""data_type"": {""max"": 32767, ""min"": -32768, ""precision"": ""int"", ""type"": ""PixelType""}, ""dimensions"": [7200, 3600]}, ""TIMEOFDAY"": {""crs"": ""EPSG:4326"", ""crs_transform"": [0.05, 0, -180, 0, -0.05, 90], ""data_type"": {""max"": 32767, ""min"": -32768, ""precision"": ""int"", ""type"": ""PixelType""}, ""dimensions"": [7200, 3600]}}"
metadata_20250602_ID337,./merged_metadata_noaa/metadata_20250602_ID337.json,/system:footprint,,"{""coordinates"": [[-180, -90], [180, -90], [180, 90], [-180, 90], [-180, -90]], ""type"": ""LinearRing""}"
metadata_20250603_ID337,./merged_metadata_noaa/metadata_20250603_ID337.json,/system:bands,,"{""NDVI"": {""crs"": ""EPSG:4326"", ""crs_transform"": [0.05, 0, -180, 0, -0.05, 90], ""data_type"": {""max"": 32767, ""min"": -32768, ""precision"": ""int"", ""type"": ""PixelType""}, ""dimensions"": [7200, 3600]}, ""QA"": {""crs"": ""EPSG:4326"", ""crs_transform"": [0.05, 0, -180, 0, -0.05, 90], ""data_type"": {""max"": 32767, ""min"": -32768, ""precision"": ""int"", ""type"": ""PixelType""}, ""dimensions"": [7200, 3600]}, ""TIMEOFDAY"": {""crs"": ""EPSG:4326"", ""crs_transform"": [0.05, 0, -180, 0, -0.05, 90], ""data_type"": {""max"": 32767, ""min"": -32768, ""precision"": ""int"", ""type"": ""PixelType""}, ""dimensions"": [7200, 3600]}}"
metadata_20250603_ID337,./merged_metadata_noaa/metadata_20250603_ID337.json,/system:footprint,,"{""coordinates"": [[-180, -90], [180, -90], [180, 90], [-180, 90], [-180, -90]], ""type"": ""LinearRing""}"
metadata_20250603_ID35,./merged_metadata_noaa/metadata_20250603_ID35.json,/system:bands,,"{""NDVI"": {""crs"": ""EPSG:4326"", ""crs_transform"": [0.05, 0, -180, 0, -0.05, 90], ""data_type"": {""max"": 32767, ""min"": -32768, ""precision"": ""int"", ""type"": ""PixelType""}, ""dimensions"": [7200, 3600]}, ""QA"": {""crs"": ""EPSG:4326"", ""crs_transform"": [0.05, 0, -180, 0, -0.05, 90], ""data_type"": {""max"": 32767, ""min"": -32768, ""precision"": ""int"", ""type"": ""PixelType""}, ""dimensions"": [7200, 3600]}, ""TIMEOFDAY"": {""crs"": ""EPSG:4326"", ""crs_transform"": [0.05, 0, -180, 0, -0.05, 90], ""data_type"": {""max"": 32767, ""min"": -32768, ""precision"": ""int"", ""type"": ""PixelType""}, ""dimensions"": [7200, 3600]}}"
metadata_20250603_ID35,./merged_metadata_noaa/metadata_20250603_ID35.json,/system:footprint,,"{""coordinates"": [[-180, -90], [180, -90], [180, 90], [-180, 90], [-180, -90]], ""type"": ""LinearRing""}"
metadata_20250604_ID343,./merged_metadata_noaa/metadata_20250604_ID343.json,/system:bands,,"{""NDVI"": {""crs"": ""EPSG:4326"", ""crs_transform"": [0.05, 0, -180, 0, -0.05, 90], ""data_type"": {""max"": 32767, ""min"": -32768, ""precision"": ""int"", ""type"": ""PixelType""}, ""dimensions"": [7200, 3600]}, ""QA"": {""crs"": ""EPSG:4326"", ""crs_transform"": [0.05, 0, -180, 0, -0.05, 90], ""data_type"": {""max"": 32767, ""min"": -32768, ""precision"": ""int"", ""type"": ""PixelType""}, ""dimensions"": [7200, 3600]}, ""TIMEOFDAY"": {""crs"": ""EPSG:4326"", ""crs_transform"": [0.05, 0, -180, 0, -0.05, 90], ""data_type"": {""max"": 32767, ""min"": -32768, ""precision"": ""int"", ""type"": ""PixelType""}, ""dimensions"": [7200, 3600]}}"
metadata_20250604_ID343,./merged_metadata_noaa/metadata_20250604_ID343.json,/system:footprint,,"{""coordinates"": [[-180, -90], [180, -90], [180, 90], [-180, 90], [-180, -90]], ""type"": ""LinearRing""}"
metadata_20250604_ID35,./merged_metadata_noaa/metadata_20250604_ID35.json,/system:bands,,"{""NDVI"": {""crs"": ""EPSG:4326"", ""crs_transform"": [0.05, 0, -180, 0, -0.05, 90], ""data_type"": {""max"": 32767, ""min"": -32768, ""precision"": ""int"", ""type"": ""PixelType""}, ""dimensions"": [7200, 3600]}, ""QA"": {""crs"": ""EPSG:4326"", ""crs_transform"": [0.05, 0, -180, 0, -0.05, 90], ""data_type"": {""max"": 32767, ""min"": -32768, ""precision"": ""int"", ""type"": ""PixelType""}, ""dimensions"": [7200, 3600]}, ""TIMEOFDAY"": {""crs"": ""EPSG:4326"", ""crs_transform"": [0.05, 0, -180, 0, -0.05, 90], ""data_type"": {""max"": 32767, ""min"": -32768, ""precision"": ""int"", ""type"": ""PixelType""}, ""dimensions"": [7200, 3600]}}"
metadata_20250604_ID35,./merged_metadata_noaa/metadata_20250604_ID35.json,/system:footprint,,"{""coordinates"": [[-180, -90], [180, -90], [180, 90], [-180, 90], [-180, -90]], ""type"": ""LinearRing""}"
metadata_20250605_ID337,./merged_metadata_noaa/metadata_20250605_ID337.json,/system:bands,,"{""NDVI"": {""crs"": ""EPSG:4326"", ""crs_transform"": [0.05, 0, -180, 0, -0.05, 90], ""data_type"": {""max"": 32767, ""min"": -32768, ""precision"": ""int"", ""type"": ""PixelType""}, ""dimensions"": [7200, 3600]}, ""QA"": {""crs"": ""EPSG:4326"", ""crs_transform"": [0.05, 0, -180, 0, -0.05, 90], ""data_type"": {""max"": 32767, ""min"": -32768, ""precision"": ""int"", ""type"": ""PixelType""}, ""dimensions"": [7200, 3600]}, ""TIMEOFDAY"": {""crs"": ""EPSG:4326"", ""crs_transform"": [0.05, 0, -180, 0, -0.05, 90], ""data_type"": {""max"": 32767, ""min"": -32768, ""precision"": ""int"", ""type"": ""PixelType""}, ""dimensions"": [7200, 3600]}}"
metadata_20250605_ID337,./merged_metadata_noaa/metadata_20250605_ID337.json,/system:footprint,,"{""coordinates"": [[-180, -90], [180, -90], [180, 90], [-180, 90], [-180, -90]], ""type"": ""LinearRing""}"
metadata_20250605_ID343,./merged_metadata_noaa/metadata_20250605_ID343.json,/system:bands,,"{""NDVI"": {""crs"": ""EPSG:4326"", ""crs_transform"": [0.05, 0, -180, 0, -0.05, 90], ""data_type"": {""max"": 32767, ""min"": -32768, ""precision"": ""int"", ""type"": ""PixelType""}, ""dimensions"": [7200, 3600]}, ""QA"": {""crs"": ""EPSG:4326"", ""crs_transform"": [0.05, 0, -180, 0, -0.05, 90], ""data_type"": {""max"": 32767, ""min"": -32768, ""precision"": ""int"", ""type"": ""PixelType""}, ""dimensions"": [7200, 3600]}, ""TIMEOFDAY"": {""crs"": ""EPSG:4326"", ""crs_transform"": [0.05, 0, -180, 0, -0.05, 90], ""data_type"": {""max"": 32767, ""min"": -32768, ""precision"": ""int"", ""type"": ""PixelType""}, ""dimensions"": [7200, 3600]}}"
metadata_20250605_ID343,./merged_metadata_noaa/metadata_20250605_ID343.json,/system:footprint,,"{""coordinates"": [[-180, -90], [180, -90], [180, 90], [-180, 90], [-180, -90]], ""type"": ""LinearRing""}"
metadata_20250605_ID35,./merged_metadata_noaa/metadata_20250605_ID35.json,/system:bands,,"{""NDVI"": {""crs"": ""EPSG:4326"", ""crs_transform"": [0.05, 0, -180, 0, -0.05, 90], ""data_type"": {""max"": 32767, ""min"": -32768, ""precision"": ""int"", ""type"": ""PixelType""}, ""dimensions"": [7200, 3600]}, ""QA"": {""crs"": ""EPSG:4326"", ""crs_transform"": [0.05, 0, -180, 0, -0.05, 90], ""data_type"": {""max"": 32767, ""min"": -32768, ""precision"": ""int"", ""type"": ""PixelType""}, ""dimensions"": [7200, 3600]}, ""TIMEOFDAY"": {""crs"": ""EPSG:4326"", ""crs_transform"": [0.05, 0, -180, 0, -0.05, 90], ""data_type"": {""max"": 32767, ""min"": -32768, ""precision"": ""int"", ""type"": ""PixelType""}, ""dimensions"": [7200, 3600]}}"
metadata_20250605_ID35,./merged_metadata_noaa/metadata_20250605_ID35.json,/system:footprint,,"{""coordinates"": [[-180, -90], [180, -90], [180, 90], [-180, 90], [-180, -90]], ""type"": ""LinearRing""}"
metadata_20250606_ID337,./merged_metadata_noaa/metadata_20250606_ID337.json,/system:bands,,"{""NDVI"": {""crs"": ""EPSG:4326"", ""crs_transform"": [0.05, 0, -180, 0, -0.05, 90], ""data_type"": {""max"": 32767, ""min"": -32768, ""precision"": ""int"", ""type"": ""PixelType""}, ""dimensions"": [7200, 3600]}, ""QA"": {""crs"": ""EPSG:4326"", ""crs_transform"": [0.05, 0, -180, 0, -0.05, 90], ""data_type"": {""max"": 32767, ""min"": -32768, ""precision"": ""int"", ""type"": ""PixelType""}, ""dimensions"": [7200, 3600]}, ""TIMEOFDAY"": {""crs"": ""EPSG:4326"", ""crs_transform"": [0.05, 0, -180, 0, -0.05, 90], ""data_type"": {""max"": 32767, ""min"": -32768, ""precision"": ""int"", ""type"": ""PixelType""}, ""dimensions"": [7200, 3600]}}"
metadata_20250606_ID337,./merged_metadata_noaa/metadata_20250606_ID337.json,/system:footprint,,"{""coordinates"": [[-180, -90], [180, -90], [180, 90], [-180, 90], [-180, -90]], ""type"": ""LinearRing""}"
metadata_20250606_ID343,./merged_metadata_noaa/metadata_20250606_ID343.json,/system:bands,,"{""NDVI"": {""crs"": ""EPSG:4326"", ""crs_transform"": [0.05, 0, -180, 0, -0.05, 90], ""data_type"": {""max"": 32767, ""min"": -32768, ""precision"": ""int"", ""type"": ""PixelType""}, ""dimensions"": [7200, 3600]}, ""QA"": {""crs"": ""EPSG:4326"", ""crs_transform"": [0.05, 0, -180, 0, -0.05, 90], ""data_type"": {""max"": 32767, ""min"": -32768, ""precision"": ""int"", ""type"": ""PixelType""}, ""dimensions"": [7200, 3600]}, ""TIMEOFDAY"": {""crs"": ""EPSG:4326"", ""crs_transform"": [0.05, 0, -180, 0, -0.05, 90], ""data_type"": {""max"": 32767, ""min"": -32768, ""precision"": ""int"", ""type"": ""PixelType""}, ""dimensions"": [7200, 3600]}}"
metadata_20250606_ID343,./merged_metadata_noaa/metadata_20250606_ID343.json,/system:footprint,,"{""coordinates"": [[-180, -90], [180, -90], [180, 90], [-180, 90], [-180, -90]], ""type"": ""LinearRing""}"
metadata_20250606_ID35,./merged_metadata_noaa/metadata_20250606_ID35.json,/system:bands,,"{""NDVI"": {""crs"": ""EPSG:4326"", ""crs_transform"": [0.05, 0, -180, 0, -0.05, 90], ""data_type"": {""max"": 32767, ""min"": -32768, ""precision"": ""int"", ""type"": ""PixelType""}, ""dimensions"": [7200, 3600]}, ""QA"": {""crs"": ""EPSG:4326"", ""crs_transform"": [0.05, 0, -180, 0, -0.05, 90], ""data_type"": {""max"": 32767, ""min"": -32768, ""precision"": ""int"", ""type"": ""PixelType""}, ""dimensions"": [7200, 3600]}, ""TIMEOFDAY"": {""crs"": ""EPSG:4326"", ""crs_transform"": [0.05, 0, -180, 0, -0.05, 90], ""data_type"": {""max"": 32767, ""min"": -32768, ""precision"": ""int"", ""type"": ""PixelType""}, ""dimensions"": [7200, 3600]}}"
metadata_20250606_ID35,./merged_metadata_noaa/metadata_20250606_ID35.json,/system:footprint,,"{""coordinates"": [[-180, -90], [180, -90], [180, 90], [-180, 90], [-180, -90]], ""type"": ""LinearRing""}"
metadata_20250607_ID337,./merged_metadata_noaa/metadata_20250607_ID337.json,/system:bands,,"{""NDVI"": {""crs"": ""EPSG:4326"", ""crs_transform"": [0.05, 0, -180, 0, -0.05, 90], ""data_type"": {""max"": 32767, ""min"": -32768, ""precision"": ""int"", ""type"": ""PixelType""}, ""dimensions"": [7200, 3600]}, ""QA"": {""crs"": ""EPSG:4326"", ""crs_transform"": [0.05, 0, -180, 0, -0.05, 90], ""data_type"": {""max"": 32767, ""min"": -32768, ""precision"": ""int"", ""type"": ""PixelType""}, ""dimensions"": [7200, 3600]}, ""TIMEOFDAY"": {""crs"": ""EPSG:4326"", ""crs_transform"": [0.05, 0, -180, 0, -0.05, 90], ""data_type"": {""max"": 32767, ""min"": -32768, ""precision"": ""int"", ""type"": ""PixelType""}, ""dimensions"": [7200, 3600]}}"
metadata_20250607_ID337,./merged_metadata_noaa/metadata_20250607_ID337.json,/system:footprint,,"{""coordinates"": [[-180, -90], [180, -90], [180, 90], [-180, 90], [-180, -90]], ""type"": ""LinearRing""}"
metadata_20250607_ID343,./merged_metadata_noaa/metadata_20250607_ID343.json,/system:bands,,"{""NDVI"": {""crs"": ""EPSG:4326"", ""crs_transform"": [0.05, 0, -180, 0, -0.05, 90], ""data_type"": {""max"": 32767, ""min"": -32768, ""precision"": ""int"", ""type"": ""PixelType""}, ""dimensions"": [7200, 3600]}, ""QA"": {""crs"": ""EPSG:4326"", ""crs_transform"": [0.05, 0, -180, 0, -0.05, 90], ""data_type"": {""max"": 32767, ""min"": -32768, ""precision"": ""int"", ""type"": ""PixelType""}, ""dimensions"": [7200, 3600]}, ""TIMEOFDAY"": {""crs"": ""EPSG:4326"", ""crs_transform"": [0.05, 0, -180, 0, -0.05, 90], ""data_type"": {""max"": 32767, ""min"": -32768, ""precision"": ""int"", ""type"": ""PixelType""}, ""dimensions"": [7200, 3600]}}"
metadata_20250607_ID343,./merged_metadata_noaa/metadata_20250607_ID343.json,/system:footprint,,"{""coordinates"": [[-180, -90], [180, -90], [180, 90], [-180, 90], [-180, -90]], ""type"": ""LinearRing""}"
metadata_20250608_ID337,./merged_metadata_noaa/metadata_20250608_ID337.json,/system:bands,,"{""NDVI"": {""crs"": ""EPSG:4326"", ""crs_transform"": [0.05, 0, -180, 0, -0.05, 90], ""data_type"": {""max"": 32767, ""min"": -32768, ""precision"": ""int"", ""type"": ""PixelType""}, ""dimensions"": [7200, 3600]}, ""QA"": {""crs"": ""EPSG:4326"", ""crs_transform"": [0.05, 0, -180, 0, -0.05, 90], ""data_type"": {""max"": 32767, ""min"": -32768, ""precision"": ""int"", ""type"": ""PixelType""}, ""dimensions"": [7200, 3600]}, ""TIMEOFDAY"": {""crs"": ""EPSG:4326"", ""crs_transform"": [0.05, 0, -180, 0, -0.05, 90], ""data_type"": {""max"": 32767, ""min"": -32768, ""precision"": ""int"", ""type"": ""PixelType""}, ""dimensions"": [7200, 3600]}}"
metadata_20250608_ID337,./merged_metadata_noaa/metadata_20250608_ID337.json,/system:footprint,,"{""coordinates"": [[-180, -90], [180, -90], [180, 90], [-180, 90], [-180, -90]], ""type"": ""LinearRing""}"
metadata_20250608_ID342,./merged_metadata_noaa/metadata_20250608_ID342.json,/system:bands,,"{""NDVI"": {""crs"": ""EPSG:4326"", ""crs_transform"": [0.05, 0, -180, 0, -0.05, 90], ""data_type"": {""max"": 32767, ""min"": -32768, ""precision"": ""int"", ""type"": ""PixelType""}, ""dimensions"": [7200, 3600]}, ""QA"": {""crs"": ""EPSG:4326"", ""crs_transform"": [0.05, 0, -180, 0, -0.05, 90], ""data_type"": {""max"": 32767, ""min"": -32768, ""precision"": ""int"", ""type"": ""PixelType""}, ""dimensions"": [7200, 3600]}, ""TIMEOFDAY"": {""crs"": ""EPSG:4326"", ""crs_transform"": [0.05, 0, -180, 0, -0.05, 90], ""data_type"": {""max"": 32767, ""min"": -32768, ""precision"": ""int"", ""type"": ""PixelType""}, ""dimensions"": [7200, 3600]}}"
metadata_20250608_ID342,./merged_metadata_noaa/metadata_20250608_ID342.json,/system:footprint,,"{""coordinates"": [[-180, -90], [180, -90], [180, 90], [-180, 90], [-180, -90]], ""type"": ""LinearRing""}"
metadata_20250608_ID343,./merged_metadata_noaa/metadata_20250608_ID343.json,/system:bands,,"{""NDVI"": {""crs"": ""EPSG:4326"", ""crs_transform"": [0.05, 0, -180, 0, -0.05, 90], ""data_type"": {""max"": 32767, ""min"": -32768, ""precision"": ""int"", ""type"": ""PixelType""}, ""dimensions"": [7200, 3600]}, ""QA"": {""crs"": ""EPSG:4326"", ""crs_transform"": [0.05, 0, -180, 0, -0.05, 90], ""data_type"": {""max"": 32767, ""min"": -32768, ""precision"": ""int"", ""type"": ""PixelType""}, ""dimensions"": [7200, 3600]}, ""TIMEOFDAY"": {""crs"": ""EPSG:4326"", ""crs_transform"": [0.05, 0, -180, 0, -0.05, 90], ""data_type"": {""max"": 32767, ""min"": -32768, ""precision"": ""int"", ""type"": ""PixelType""}, ""dimensions"": [7200, 3600]}}"
metadata_20250608_ID343,./merged_metadata_noaa/metadata_20250608_ID343.json,/system:footprint,,"{""coordinates"": [[-180, -90], [180, -90], [180, 90], [-180, 90], [-180, -90]], ""type"": ""LinearRing""}"
metadata_20250608_ID35,./merged_metadata_noaa/metadata_20250608_ID35.json,/system:bands,,"{""NDVI"": {""crs"": ""EPSG:4326"", ""crs_transform"": [0.05, 0, -180, 0, -0.05, 90], ""data_type"": {""max"": 32767, ""min"": -32768, ""precision"": ""int"", ""type"": ""PixelType""}, ""dimensions"": [7200, 3600]}, ""QA"": {""crs"": ""EPSG:4326"", ""crs_transform"": [0.05, 0, -180, 0, -0.05, 90], ""data_type"": {""max"": 32767, ""min"": -32768, ""precision"": ""int"", ""type"": ""PixelType""}, ""dimensions"": [7200, 3600]}, ""TIMEOFDAY"": {""crs"": ""EPSG:4326"", ""crs_transform"": [0.05, 0, -180, 0, -0.05, 90], ""data_type"": {""max"": 32767, ""min"": -32768, ""precision"": ""int"", ""type"": ""PixelType""}, ""dimensions"": [7200, 3600]}}"
metadata_20250608_ID35,./merged_metadata_noaa/metadata_20250608_ID35.json,/system:footprint,,"{""coordinates"": [[-180, -90], [180, -90], [180, 90], [-180, 90], [-180, -90]], ""type"": ""LinearRing""}"
metadata_20250609_ID342,./merged_metadata_noaa/metadata_20250609_ID342.json,/system:bands,,"{""NDVI"": {""crs"": ""EPSG:4326"", ""crs_transform"": [0.05, 0, -180, 0, -0.05, 90], ""data_type"": {""max"": 32767, ""min"": -32768, ""precision"": ""int"", ""type"": ""PixelType""}, ""dimensions"": [7200, 3600]}, ""QA"": {""crs"": ""EPSG:4326"", ""crs_transform"": [0.05, 0, -180, 0, -0.05, 90], ""data_type"": {""max"": 32767, ""min"": -32768, ""precision"": ""int"", ""type"": ""PixelType""}, ""dimensions"": [7200, 3600]}, ""TIMEOFDAY"": {""crs"": ""EPSG:4326"", ""crs_transform"": [0.05, 0, -180, 0, -0.05, 90], ""data_type"": {""max"": 32767, ""min"": -32768, ""precision"": ""int"", ""type"": ""PixelType""}, ""dimensions"": [7200, 3600]}}"
metadata_20250609_ID342,./merged_metadata_noaa/metadata_20250609_ID342.json,/system:footprint,,"{""coordinates"": [[-180, -90], [180, -90], [180, 90], [-180, 90], [-180, -90]], ""type"": ""LinearRing""}"
metadata_20250609_ID343,./merged_metadata_noaa/metadata_20250609_ID343.json,/system:bands,,"{""NDVI"": {""crs"": ""EPSG:4326"", ""crs_transform"": [0.05, 0, -180, 0, -0.05, 90], ""data_type"": {""max"": 32767, ""min"": -32768, ""precision"": ""int"", ""type"": ""PixelType""}, ""dimensions"": [7200, 3600]}, ""QA"": {""crs"": ""EPSG:4326"", ""crs_transform"": [0.05, 0, -180, 0, -0.05, 90], ""data_type"": {""max"": 32767, ""min"": -32768, ""precision"": ""int"", ""type"": ""PixelType""}, ""dimensions"": [7200, 3600]}, ""TIMEOFDAY"": {""crs"": ""EPSG:4326"", ""crs_transform"": [0.05, 0, -180, 0, -0.05, 90], ""data_type"": {""max"": 32767, ""min"": -32768, ""precision"": ""int"", ""type"": ""PixelType""}, ""dimensions"": [7200, 3600]}}"
metadata_20250609_ID343,./merged_metadata_noaa/metadata_20250609_ID343.json,/system:footprint,,"{""coordinates"": [[-180, -90], [180, -90], [180, 90], [-180, 90], [-180, -90]], ""type"": ""LinearRing""}"
metadata_20250609_ID35,./merged_metadata_noaa/metadata_20250609_ID35.json,/system:bands,,"{""NDVI"": {""crs"": ""EPSG:4326"", ""crs_transform"": [0.05, 0, -180, 0, -0.05, 90], ""data_type"": {""max"": 32767, ""min"": -32768, ""precision"": ""int"", ""type"": ""PixelType""}, ""dimensions"": [7200, 3600]}, ""QA"": {""crs"": ""EPSG:4326"", ""crs_transform"": [0.05, 0, -180, 0, -0.05, 90], ""data_type"": {""max"": 32767, ""min"": -32768, ""precision"": ""int"", ""type"": ""PixelType""}, ""dimensions"": [7200, 3600]}, ""TIMEOFDAY"": {""crs"": ""EPSG:4326"", ""crs_transform"": [0.05, 0, -180, 0, -0.05, 90], ""data_type"": {""max"": 32767, ""min"": -32768, ""precision"": ""int"", ""type"": ""PixelType""}, ""dimensions"": [7200, 3600]}}"
metadata_20250609_ID35,./merged_metadata_noaa/metadata_20250609_ID35.json,/system:footprint,,"{""coordinates"": [[-180, -90], [180, -90], [180, 90], [-180, 90], [-180, -90]], ""type"": ""LinearRing""}"
