image_id,status,full_path,raw_path,match_mode,conflict_count
metadata_20250601_ID343,merged,./ndvi_noaa_output/processed_metadata_20250601_ID343.json,./raw_metadata_noaa/raw_metadata_20250601_ID343.json,id,2
metadata_20250602_ID337,merged,./ndvi_noaa_output/processed_metadata_20250602_ID337.json,./raw_metadata_noaa/raw_metadata_20250602_ID337.json,id,2
metadata_20250603_ID337,merged,./ndvi_noaa_output/processed_metadata_20250603_ID337.json,./raw_metadata_noaa/raw_metadata_20250603_ID337.json,id,2
metadata_20250603_ID35,merged,./ndvi_noaa_output/processed_metadata_20250603_ID35.json,./raw_metadata_noaa/raw_metadata_20250603_ID35.json,id,2
metadata_20250604_ID343,merged,./ndvi_noaa_output/processed_metadata_20250604_ID343.json,./raw_metadata_noaa/raw_metadata_20250604_ID343.json,id,2
metadata_20250604_ID35,merged,./ndvi_noaa_output/processed_metadata_20250604_ID35.json,./raw_metadata_noaa/raw_metadata_20250604_ID35.json,id,2
metadata_20250605_ID337,merged,./ndvi_noaa_output/processed_metadata_20250605_ID337.json,./raw_metadata_noaa/raw_metadata_20250605_ID337.json,id,2
metadata_20250605_ID343,merged,./ndvi_noaa_output/processed_metadata_20250605_ID343.json,./raw_metadata_noaa/raw_metadata_20250605_ID343.json,id,2
metadata_20250605_ID35,merged,./ndvi_noaa_output/processed_metadata_20250605_ID35.json,./raw_metadata_noaa/raw_metadata_20250605_ID35.json,id,2
metadata_20250606_ID337,merged,./ndvi_noaa_output/processed_metadata_20250606_ID337.json,./raw_metadata_noaa/raw_metadata_20250606_ID337.json,id,2
metadata_20250606_ID343,merged,./ndvi_noaa_output/processed_metadata_20250606_ID343.json,./raw_metadata_noaa/raw_metadata_20250606_ID343.json,id,2
metadata_20250606_ID35,merged,./ndvi_noaa_output/processed_metadata_20250606_ID35.json,./raw_metadata_noaa/raw_metadata_20250606_ID35.json,id,2
metadata_20250607_ID337,merged,./ndvi_noaa_output/processed_metadata_20250607_ID337.json,./raw_metadata_noaa/raw_metadata_20250607_ID337.json,id,2
metadata_20250607_ID343,merged,./ndvi_noaa_output/processed_metadata_20250607_ID343.json,./raw_metadata_noaa/raw_metadata_20250607_ID343.json,id,2
metadata_20250608_ID337,merged,./ndvi_noaa_output/processed_metadata_20250608_ID337.json,./raw_metadata_noaa/raw_metadata_20250608_ID337.json,id,2
metadata_20250608_ID342,merged,./ndvi_noaa_output/processed_metadata_20250608_ID342.json,./raw_metadata_noaa/raw_metadata_20250608_ID342.json,id,2
metadata_20250608_ID343,merged,./ndvi_noaa_output/processed_metadata_20250608_ID343.json,./raw_metadata_noaa/raw_metadata_20250608_ID343.json,id,2
metadata_20250608_ID35,merged,./ndvi_noaa_output/processed_metadata_20250608_ID35.json,./raw_metadata_noaa/raw_metadata_20250608_ID35.json,id,2
metadata_20250609_ID342,merged,./ndvi_noaa_output/processed_metadata_20250609_ID342.json,./raw_metadata_noaa/raw_metadata_20250609_ID342.json,id,2
metadata_20250609_ID343,merged,./ndvi_noaa_output/processed_metadata_20250609_ID343.json,./raw_metadata_noaa/raw_metadata_20250609_ID343.json,id,2
metadata_20250609_ID35,merged,./ndvi_noaa_output/processed_metadata_20250609_ID35.json,./raw_metadata_noaa/raw_metadata_20250609_ID35.json,id,2
