file,image_id,ee_total,merged_found,coverage_percent,missing_count,missing_list,extra_in_merged_count,extra_in_merged_list,note
merged_metadata_noaa/metadata_20250601_ID343.json,20250601,13,15,115.38,0,,2,system:band_names_merged;system:bands_merged,
merged_metadata_noaa/metadata_20250602_ID337.json,20250602,13,15,115.38,0,,2,system:band_names_merged;system:bands_merged,
merged_metadata_noaa/metadata_20250603_ID337.json,20250603,13,15,115.38,0,,2,system:band_names_merged;system:bands_merged,
merged_metadata_noaa/metadata_20250603_ID35.json,20250603,13,15,115.38,0,,2,system:band_names_merged;system:bands_merged,
merged_metadata_noaa/metadata_20250604_ID343.json,20250604,13,15,115.38,0,,2,system:band_names_merged;system:bands_merged,
merged_metadata_noaa/metadata_20250604_ID35.json,20250604,13,15,115.38,0,,2,system:band_names_merged;system:bands_merged,
merged_metadata_noaa/metadata_20250605_ID337.json,20250605,13,15,115.38,0,,2,system:band_names_merged;system:bands_merged,
merged_metadata_noaa/metadata_20250605_ID343.json,20250605,13,15,115.38,0,,2,system:band_names_merged;system:bands_merged,
merged_metadata_noaa/metadata_20250605_ID35.json,20250605,13,15,115.38,0,,2,system:band_names_merged;system:bands_merged,
merged_metadata_noaa/metadata_20250606_ID337.json,20250606,13,15,115.38,0,,2,system:band_names_merged;system:bands_merged,
merged_metadata_noaa/metadata_20250606_ID343.json,20250606,13,15,115.38,0,,2,system:band_names_merged;system:bands_merged,
merged_metadata_noaa/metadata_20250606_ID35.json,20250606,13,15,115.38,0,,2,system:band_names_merged;system:bands_merged,
merged_metadata_noaa/metadata_20250607_ID337.json,20250607,13,15,115.38,0,,2,system:band_names_merged;system:bands_merged,
merged_metadata_noaa/metadata_20250607_ID343.json,20250607,13,15,115.38,0,,2,system:band_names_merged;system:bands_merged,
merged_metadata_noaa/metadata_20250608_ID337.json,20250608,13,15,115.38,0,,2,system:band_names_merged;system:bands_merged,
merged_metadata_noaa/metadata_20250608_ID342.json,20250608,13,15,115.38,0,,2,system:band_names_merged;system:bands_merged,
merged_metadata_noaa/metadata_20250608_ID343.json,20250608,13,15,115.38,0,,2,system:band_names_merged;system:bands_merged,
merged_metadata_noaa/metadata_20250608_ID35.json,20250608,13,15,115.38,0,,2,system:band_names_merged;system:bands_merged,
merged_metadata_noaa/metadata_20250609_ID342.json,20250609,13,15,115.38,0,,2,system:band_names_merged;system:bands_merged,
merged_metadata_noaa/metadata_20250609_ID343.json,20250609,13,15,115.38,0,,2,system:band_names_merged;system:bands_merged,
merged_metadata_noaa/metadata_20250609_ID35.json,20250609,13,15,115.38,0,,2,system:band_names_merged;system:bands_merged,
