{
  "lon": -5.748250733008798,
  "imageID": "20250605",
  "system:bands": [
    {
      "id": "NDVI",
      "data_type": {
        "type": "PixelType",
        "precision": "double",
        "min": -3.2768,
        "max": 3.2767
      },
      "crs": "EPSG:4326",
      "crs_transform": [
        0.05,
        0,
        -180,
        0,
        -0.05,
        90
      ]
    }
  ],
  "system:time_start": 1749081600000,
  "_image_id": "20250605",
  "system:footprint": null,
  "system:band_names": [
    "NDVI",
    "TIMEOFDAY",
    "QA"
  ],
  "system:asset_size": 25211417,
  "system:version": 1749417210874519,
  "platform": "NOAA-20",
  "point_id": 343,
  "NDVI_scale": 0.0001,
  "status": "permanent",
  "lat": 36.44491953376633,
  "system:time_end": 1749168000000,
  "TIMEOFDAY_scale": 0.01,
  "system:id": "NOAA/CDR/VIIRS/NDVI/V1/20250605",
  "properties": {
    "TIMEOFDAY_scale": 0.01,
    "system:time_start": 1749081600000,
    "system:footprint": {
      "type": "LinearRing",
      "coordinates": [
        [
          -180,
          -90
        ],
        [
          180,
          -90
        ],
        [
          180,
          90
        ],
        [
          -180,
          90
        ],
        [
          -180,
          -90
        ]
      ]
    },
    "system:time_end": 1749168000000,
    "system:version": 1749417210874519,
    "system:id": "NOAA/CDR/VIIRS/NDVI/V1/20250605",
    "system:asset_size": 25211417,
    "NDVI_scale": 0.0001,
    "platform": "NOAA-20",
    "status": "permanent",
    "system:index": "20250605",
    "system:bands": {
      "NDVI": {
        "data_type": {
          "type": "PixelType",
          "precision": "double",
          "min": -3.2768,
          "max": 3.2767
        },
        "crs": "EPSG:4326",
        "crs_transform": [
          0.05,
          0,
          -180,
          0,
          -0.05,
          90
        ]
      }
    },
    "system:band_names": [
      "NDVI"
    ]
  },
  "system:index": "20250605",
  "system:bands_merged": {
    "NDVI": {
      "id": "NDVI",
      "data_type": {
        "type": "PixelType",
        "precision": "double",
        "min": -3.2768,
        "max": 3.2767
      },
      "crs": "EPSG:4326",
      "crs_transform": [
        0.05,
        0,
        -180,
        0,
        -0.05,
        90
      ]
    }
  },
  "system:band_names_merged": [
    "NDVI",
    "TIMEOFDAY",
    "QA"
  ],
  "_conflicts": {
    "/system:bands": {
      "kept_from_processed": [
        {
          "id": "NDVI",
          "data_type": {
            "type": "PixelType",
            "precision": "double",
            "min": -3.2768,
            "max": 3.2767
          },
          "crs": "EPSG:4326",
          "crs_transform": [
            0.05,
            0,
            -180,
            0,
            -0.05,
            90
          ]
        }
      ],
      "other_from_raw": {
        "QA": {
          "data_type": {
            "type": "PixelType",
            "precision": "int",
            "min": -32768,
            "max": 32767
          },
          "dimensions": [
            7200,
            3600
          ],
          "crs": "EPSG:4326",
          "crs_transform": [
            0.05,
            0,
            -180,
            0,
            -0.05,
            90
          ]
        },
        "TIMEOFDAY": {
          "data_type": {
            "type": "PixelType",
            "precision": "int",
            "min": -32768,
            "max": 32767
          },
          "dimensions": [
            7200,
            3600
          ],
          "crs": "EPSG:4326",
          "crs_transform": [
            0.05,
            0,
            -180,
            0,
            -0.05,
            90
          ]
        },
        "NDVI": {
          "data_type": {
            "type": "PixelType",
            "precision": "int",
            "min": -32768,
            "max": 32767
          },
          "dimensions": [
            7200,
            3600
          ],
          "crs": "EPSG:4326",
          "crs_transform": [
            0.05,
            0,
            -180,
            0,
            -0.05,
            90
          ]
        }
      }
    },
    "/system:footprint": {
      "kept_from_processed": null,
      "other_from_raw": {
        "type": "LinearRing",
        "coordinates": [
          [
            -180,
            -90
          ],
          [
            180,
            -90
          ],
          [
            180,
            90
          ],
          [
            -180,
            90
          ],
          [
            -180,
            -90
          ]
        ]
      }
    }
  }
}