{
  "imageID": "20250609T102701_20250609T103729_T32TLQ",
  "lon": 7.671792380423272,
  "lat": 45.01217269975036,
  "properties": {
    "system:footprint": {
      "type": "LinearRing",
      "coordinates": [
        [
          7.852352401155512,
          45.14816005799976
        ],
        [
          7.852336442789298,
          45.148160584029135
        ],
        [
          6.456856516140544,
          45.12560346997038
        ],
        [
          6.456799414685342,
          45.1255656588187
        ],
        [
          6.456736031608012,
          45.12553314537671
        ],
        [
          6.45673267007897,
          45.12551829393776
        ],
        [
          6.478400557374038,
          44.631867831703104
        ],
        [
          6.499518701612243,
          44.13817389826988
        ],
        [
          6.499571340441375,
          44.13813358609077
        ],
        [
          6.499616657057292,
          44.13808885497277
        ],
        [
          6.499637322095778,
          44.13808645133701
        ],
        [
          7.871666920836444,
          44.15988423346738
        ],
        [
          7.871724051616696,
          44.15992132968815
        ],
        [
          7.871787161252779,
          44.15995304423725
        ],
        [
          7.871790731931228,
          44.15996791892537
        ],
        [
          7.862252427301278,
          44.654045911061075
        ],
        [
          7.852465818458169,
          45.14807189364682
        ],
        [
          7.8524131334706055,
          45.148112862287334
        ],
        [
          7.852368138943076,
          45.14815811118991
        ],
        [
          7.852352401155512,
          45.14816005799976
        ]
      ]
    },
    "system:index": "20250609T102701_20250609T103729_T32TLQ",
    "system:bands": {
      "TCI_B": {
        "data_type": {
          "type": "PixelType",
          "precision": "float",
          "min": 0,
          "max": 0.02550000138580799
        },
        "dimensions": [
          10980,
          10980
        ],
        "crs": "EPSG:32632",
        "crs_transform": [
          10,
          0,
          300000,
          0,
          -10,
          5000040
        ]
      },
      "QA10": {
        "data_type": {
          "type": "PixelType",
          "precision": "float",
          "min": 0,
          "max": 6.553500175476074
        },
        "crs": "EPSG:4326",
        "crs_transform": [
          1,
          0,
          0,
          0,
          1,
          0
        ]
      },
      "B8A": {
        "data_type": {
          "type": "PixelType",
          "precision": "float",
          "min": 0,
          "max": 6.553500175476074
        },
        "dimensions": [
          5490,
          5490
        ],
        "crs": "EPSG:32632",
        "crs_transform": [
          20,
          0,
          300000,
          0,
          -20,
          5000040
        ]
      },
      "NDVI": {
        "data_type": {
          "type": "PixelType",
          "precision": "float",
          "min": -1,
          "max": 1
        },
        "dimensions": [
          10980,
          10980
        ],
        "crs": "EPSG:32632",
        "crs_transform": [
          10,
          0,
          300000,
          0,
          -10,
          5000040
        ]
      },
      "MSK_CLASSI_CIRRUS": {
        "data_type": {
          "type": "PixelType",
          "precision": "float",
          "min": 0,
          "max": 0.02550000138580799
        },
        "dimensions": [
          1830,
          1830
        ],
        "crs": "EPSG:32632",
        "crs_transform": [
          60,
          0,
          300000,
          0,
          -60,
          5000040
        ]
      },
      "WVP": {
        "data_type": {
          "type": "PixelType",
          "precision": "float",
          "min": 0,
          "max": 6.553500175476074
        },
        "dimensions": [
          10980,
          10980
        ],
        "crs": "EPSG:32632",
        "crs_transform": [
          10,
          0,
          300000,
          0,
          -10,
          5000040
        ]
      },
      "MSK_CLASSI_OPAQUE": {
        "data_type": {
          "type": "PixelType",
          "precision": "float",
          "min": 0,
          "max": 0.02550000138580799
        },
        "dimensions": [
          1830,
          1830
        ],
        "crs": "EPSG:32632",
        "crs_transform": [
          60,
          0,
          300000,
          0,
          -60,
          5000040
        ]
      },
      "MSK_CLASSI_SNOW_ICE": {
        "data_type": {
          "type": "PixelType",
          "precision": "float",
          "min": 0,
          "max": 0.02550000138580799
        },
        "dimensions": [
          1830,
          1830
        ],
        "crs": "EPSG:32632",
        "crs_transform": [
          60,
          0,
          300000,
          0,
          -60,
          5000040
        ]
      },
      "B11": {
        "data_type": {
          "type": "PixelType",
          "precision": "float",
          "min": 0,
          "max": 6.553500175476074
        },
        "dimensions": [
          5490,
          5490
        ],
        "crs": "EPSG:32632",
        "crs_transform": [
          20,
          0,
          300000,
          0,
          -20,
          5000040
        ]
      },
      "B12": {
        "data_type": {
          "type": "PixelType",
          "precision": "float",
          "min": 0,
          "max": 6.553500175476074
        },
        "dimensions": [
          5490,
          5490
        ],
        "crs": "EPSG:32632",
        "crs_transform": [
          20,
          0,
          300000,
          0,
          -20,
          5000040
        ]
      },
      "AOT": {
        "data_type": {
          "type": "PixelType",
          "precision": "float",
          "min": 0,
          "max": 6.553500175476074
        },
        "dimensions": [
          10980,
          10980
        ],
        "crs": "EPSG:32632",
        "crs_transform": [
          10,
          0,
          300000,
          0,
          -10,
          5000040
        ]
      },
      "QA20": {
        "data_type": {
          "type": "PixelType",
          "precision": "float",
          "min": 0,
          "max": 429496.75
        },
        "crs": "EPSG:4326",
        "crs_transform": [
          1,
          0,
          0,
          0,
          1,
          0
        ]
      },
      "MSK_CLDPRB": {
        "data_type": {
          "type": "PixelType",
          "precision": "float",
          "min": 0,
          "max": 0.02550000138580799
        },
        "dimensions": [
          5490,
          5490
        ],
        "crs": "EPSG:32632",
        "crs_transform": [
          20,
          0,
          300000,
          0,
          -20,
          5000040
        ]
      },
      "B1": {
        "data_type": {
          "type": "PixelType",
          "precision": "float",
          "min": 0,
          "max": 6.553500175476074
        },
        "dimensions": [
          1830,
          1830
        ],
        "crs": "EPSG:32632",
        "crs_transform": [
          60,
          0,
          300000,
          0,
          -60,
          5000040
        ]
      },
      "QA60": {
        "data_type": {
          "type": "PixelType",
          "precision": "float",
          "min": 0,
          "max": 6.553500175476074
        },
        "dimensions": [
          1830,
          1830
        ],
        "crs": "EPSG:32632",
        "crs_transform": [
          60,
          0,
          300000,
          0,
          -60,
          5000040
        ]
      },
      "B2": {
        "data_type": {
          "type": "PixelType",
          "precision": "float",
          "min": 0,
          "max": 6.553500175476074
        },
        "dimensions": [
          10980,
          10980
        ],
        "crs": "EPSG:32632",
        "crs_transform": [
          10,
          0,
          300000,
          0,
          -10,
          5000040
        ]
      },
      "B3": {
        "data_type": {
          "type": "PixelType",
          "precision": "float",
          "min": 0,
          "max": 6.553500175476074
        },
        "dimensions": [
          10980,
          10980
        ],
        "crs": "EPSG:32632",
        "crs_transform": [
          10,
          0,
          300000,
          0,
          -10,
          5000040
        ]
      },
      "B4": {
        "data_type": {
          "type": "PixelType",
          "precision": "float",
          "min": 0,
          "max": 6.553500175476074
        },
        "dimensions": [
          10980,
          10980
        ],
        "crs": "EPSG:32632",
        "crs_transform": [
          10,
          0,
          300000,
          0,
          -10,
          5000040
        ]
      },
      "TCI_R": {
        "data_type": {
          "type": "PixelType",
          "precision": "float",
          "min": 0,
          "max": 0.02550000138580799
        },
        "dimensions": [
          10980,
          10980
        ],
        "crs": "EPSG:32632",
        "crs_transform": [
          10,
          0,
          300000,
          0,
          -10,
          5000040
        ]
      },
      "B5": {
        "data_type": {
          "type": "PixelType",
          "precision": "float",
          "min": 0,
          "max": 6.553500175476074
        },
        "dimensions": [
          5490,
          5490
        ],
        "crs": "EPSG:32632",
        "crs_transform": [
          20,
          0,
          300000,
          0,
          -20,
          5000040
        ]
      },
      "B6": {
        "data_type": {
          "type": "PixelType",
          "precision": "float",
          "min": 0,
          "max": 6.553500175476074
        },
        "dimensions": [
          5490,
          5490
        ],
        "crs": "EPSG:32632",
        "crs_transform": [
          20,
          0,
          300000,
          0,
          -20,
          5000040
        ]
      },
      "B7": {
        "data_type": {
          "type": "PixelType",
          "precision": "float",
          "min": 0,
          "max": 6.553500175476074
        },
        "dimensions": [
          5490,
          5490
        ],
        "crs": "EPSG:32632",
        "crs_transform": [
          20,
          0,
          300000,
          0,
          -20,
          5000040
        ]
      },
      "B8": {
        "data_type": {
          "type": "PixelType",
          "precision": "float",
          "min": 0,
          "max": 6.553500175476074
        },
        "dimensions": [
          10980,
          10980
        ],
        "crs": "EPSG:32632",
        "crs_transform": [
          10,
          0,
          300000,
          0,
          -10,
          5000040
        ]
      },
      "B9": {
        "data_type": {
          "type": "PixelType",
          "precision": "float",
          "min": 0,
          "max": 6.553500175476074
        },
        "dimensions": [
          1830,
          1830
        ],
        "crs": "EPSG:32632",
        "crs_transform": [
          60,
          0,
          300000,
          0,
          -60,
          5000040
        ]
      },
      "MSK_SNWPRB": {
        "data_type": {
          "type": "PixelType",
          "precision": "float",
          "min": 0,
          "max": 0.02550000138580799
        },
        "dimensions": [
          5490,
          5490
        ],
        "crs": "EPSG:32632",
        "crs_transform": [
          20,
          0,
          300000,
          0,
          -20,
          5000040
        ]
      },
      "SCL": {
        "data_type": {
          "type": "PixelType",
          "precision": "float",
          "min": 0,
          "max": 0.02550000138580799
        },
        "dimensions": [
          5490,
          5490
        ],
        "crs": "EPSG:32632",
        "crs_transform": [
          20,
          0,
          300000,
          0,
          -20,
          5000040
        ]
      },
      "TCI_G": {
        "data_type": {
          "type": "PixelType",
          "precision": "float",
          "min": 0,
          "max": 0.02550000138580799
        },
        "dimensions": [
          10980,
          10980
        ],
        "crs": "EPSG:32632",
        "crs_transform": [
          10,
          0,
          300000,
          0,
          -10,
          5000040
        ]
      }
    },
    "system:band_names": [
      "B1",
      "B2",
      "B3",
      "B4",
      "B5",
      "B6",
      "B7",
      "B8",
      "B8A",
      "B9",
      "B11",
      "B12",
      "AOT",
      "WVP",
      "SCL",
      "TCI_R",
      "TCI_G",
      "TCI_B",
      "MSK_CLDPRB",
      "MSK_SNWPRB",
      "QA10",
      "QA20",
      "QA60",
      "MSK_CLASSI_OPAQUE",
      "MSK_CLASSI_CIRRUS",
      "MSK_CLASSI_SNOW_ICE",
      "NDVI"
    ]
  },
  "system:bands": [
    {
      "id": "B1",
      "data_type": {
        "type": "PixelType",
        "precision": "float",
        "min": 0,
        "max": 6.553500175476074
      },
      "dimensions": [
        1830,
        1830
      ],
      "crs": "EPSG:32632",
      "crs_transform": [
        60,
        0,
        300000,
        0,
        -60,
        5000040
      ]
    },
    {
      "id": "B2",
      "data_type": {
        "type": "PixelType",
        "precision": "float",
        "min": 0,
        "max": 6.553500175476074
      },
      "dimensions": [
        10980,
        10980
      ],
      "crs": "EPSG:32632",
      "crs_transform": [
        10,
        0,
        300000,
        0,
        -10,
        5000040
      ]
    },
    {
      "id": "B3",
      "data_type": {
        "type": "PixelType",
        "precision": "float",
        "min": 0,
        "max": 6.553500175476074
      },
      "dimensions": [
        10980,
        10980
      ],
      "crs": "EPSG:32632",
      "crs_transform": [
        10,
        0,
        300000,
        0,
        -10,
        5000040
      ]
    },
    {
      "id": "B4",
      "data_type": {
        "type": "PixelType",
        "precision": "float",
        "min": 0,
        "max": 6.553500175476074
      },
      "dimensions": [
        10980,
        10980
      ],
      "crs": "EPSG:32632",
      "crs_transform": [
        10,
        0,
        300000,
        0,
        -10,
        5000040
      ]
    },
    {
      "id": "B5",
      "data_type": {
        "type": "PixelType",
        "precision": "float",
        "min": 0,
        "max": 6.553500175476074
      },
      "dimensions": [
        5490,
        5490
      ],
      "crs": "EPSG:32632",
      "crs_transform": [
        20,
        0,
        300000,
        0,
        -20,
        5000040
      ]
    },
    {
      "id": "B6",
      "data_type": {
        "type": "PixelType",
        "precision": "float",
        "min": 0,
        "max": 6.553500175476074
      },
      "dimensions": [
        5490,
        5490
      ],
      "crs": "EPSG:32632",
      "crs_transform": [
        20,
        0,
        300000,
        0,
        -20,
        5000040
      ]
    },
    {
      "id": "B7",
      "data_type": {
        "type": "PixelType",
        "precision": "float",
        "min": 0,
        "max": 6.553500175476074
      },
      "dimensions": [
        5490,
        5490
      ],
      "crs": "EPSG:32632",
      "crs_transform": [
        20,
        0,
        300000,
        0,
        -20,
        5000040
      ]
    },
    {
      "id": "B8",
      "data_type": {
        "type": "PixelType",
        "precision": "float",
        "min": 0,
        "max": 6.553500175476074
      },
      "dimensions": [
        10980,
        10980
      ],
      "crs": "EPSG:32632",
      "crs_transform": [
        10,
        0,
        300000,
        0,
        -10,
        5000040
      ]
    },
    {
      "id": "B8A",
      "data_type": {
        "type": "PixelType",
        "precision": "float",
        "min": 0,
        "max": 6.553500175476074
      },
      "dimensions": [
        5490,
        5490
      ],
      "crs": "EPSG:32632",
      "crs_transform": [
        20,
        0,
        300000,
        0,
        -20,
        5000040
      ]
    },
    {
      "id": "B9",
      "data_type": {
        "type": "PixelType",
        "precision": "float",
        "min": 0,
        "max": 6.553500175476074
      },
      "dimensions": [
        1830,
        1830
      ],
      "crs": "EPSG:32632",
      "crs_transform": [
        60,
        0,
        300000,
        0,
        -60,
        5000040
      ]
    },
    {
      "id": "B11",
      "data_type": {
        "type": "PixelType",
        "precision": "float",
        "min": 0,
        "max": 6.553500175476074
      },
      "dimensions": [
        5490,
        5490
      ],
      "crs": "EPSG:32632",
      "crs_transform": [
        20,
        0,
        300000,
        0,
        -20,
        5000040
      ]
    },
    {
      "id": "B12",
      "data_type": {
        "type": "PixelType",
        "precision": "float",
        "min": 0,
        "max": 6.553500175476074
      },
      "dimensions": [
        5490,
        5490
      ],
      "crs": "EPSG:32632",
      "crs_transform": [
        20,
        0,
        300000,
        0,
        -20,
        5000040
      ]
    },
    {
      "id": "AOT",
      "data_type": {
        "type": "PixelType",
        "precision": "float",
        "min": 0,
        "max": 6.553500175476074
      },
      "dimensions": [
        10980,
        10980
      ],
      "crs": "EPSG:32632",
      "crs_transform": [
        10,
        0,
        300000,
        0,
        -10,
        5000040
      ]
    },
    {
      "id": "WVP",
      "data_type": {
        "type": "PixelType",
        "precision": "float",
        "min": 0,
        "max": 6.553500175476074
      },
      "dimensions": [
        10980,
        10980
      ],
      "crs": "EPSG:32632",
      "crs_transform": [
        10,
        0,
        300000,
        0,
        -10,
        5000040
      ]
    },
    {
      "id": "SCL",
      "data_type": {
        "type": "PixelType",
        "precision": "float",
        "min": 0,
        "max": 0.02550000138580799
      },
      "dimensions": [
        5490,
        5490
      ],
      "crs": "EPSG:32632",
      "crs_transform": [
        20,
        0,
        300000,
        0,
        -20,
        5000040
      ]
    },
    {
      "id": "TCI_R",
      "data_type": {
        "type": "PixelType",
        "precision": "float",
        "min": 0,
        "max": 0.02550000138580799
      },
      "dimensions": [
        10980,
        10980
      ],
      "crs": "EPSG:32632",
      "crs_transform": [
        10,
        0,
        300000,
        0,
        -10,
        5000040
      ]
    },
    {
      "id": "TCI_G",
      "data_type": {
        "type": "PixelType",
        "precision": "float",
        "min": 0,
        "max": 0.02550000138580799
      },
      "dimensions": [
        10980,
        10980
      ],
      "crs": "EPSG:32632",
      "crs_transform": [
        10,
        0,
        300000,
        0,
        -10,
        5000040
      ]
    },
    {
      "id": "TCI_B",
      "data_type": {
        "type": "PixelType",
        "precision": "float",
        "min": 0,
        "max": 0.02550000138580799
      },
      "dimensions": [
        10980,
        10980
      ],
      "crs": "EPSG:32632",
      "crs_transform": [
        10,
        0,
        300000,
        0,
        -10,
        5000040
      ]
    },
    {
      "id": "MSK_CLDPRB",
      "data_type": {
        "type": "PixelType",
        "precision": "float",
        "min": 0,
        "max": 0.02550000138580799
      },
      "dimensions": [
        5490,
        5490
      ],
      "crs": "EPSG:32632",
      "crs_transform": [
        20,
        0,
        300000,
        0,
        -20,
        5000040
      ]
    },
    {
      "id": "MSK_SNWPRB",
      "data_type": {
        "type": "PixelType",
        "precision": "float",
        "min": 0,
        "max": 0.02550000138580799
      },
      "dimensions": [
        5490,
        5490
      ],
      "crs": "EPSG:32632",
      "crs_transform": [
        20,
        0,
        300000,
        0,
        -20,
        5000040
      ]
    },
    {
      "id": "QA10",
      "data_type": {
        "type": "PixelType",
        "precision": "float",
        "min": 0,
        "max": 6.553500175476074
      },
      "crs": "EPSG:4326",
      "crs_transform": [
        1,
        0,
        0,
        0,
        1,
        0
      ]
    },
    {
      "id": "QA20",
      "data_type": {
        "type": "PixelType",
        "precision": "float",
        "min": 0,
        "max": 429496.75
      },
      "crs": "EPSG:4326",
      "crs_transform": [
        1,
        0,
        0,
        0,
        1,
        0
      ]
    },
    {
      "id": "QA60",
      "data_type": {
        "type": "PixelType",
        "precision": "float",
        "min": 0,
        "max": 6.553500175476074
      },
      "dimensions": [
        1830,
        1830
      ],
      "crs": "EPSG:32632",
      "crs_transform": [
        60,
        0,
        300000,
        0,
        -60,
        5000040
      ]
    },
    {
      "id": "MSK_CLASSI_OPAQUE",
      "data_type": {
        "type": "PixelType",
        "precision": "float",
        "min": 0,
        "max": 0.02550000138580799
      },
      "dimensions": [
        1830,
        1830
      ],
      "crs": "EPSG:32632",
      "crs_transform": [
        60,
        0,
        300000,
        0,
        -60,
        5000040
      ]
    },
    {
      "id": "MSK_CLASSI_CIRRUS",
      "data_type": {
        "type": "PixelType",
        "precision": "float",
        "min": 0,
        "max": 0.02550000138580799
      },
      "dimensions": [
        1830,
        1830
      ],
      "crs": "EPSG:32632",
      "crs_transform": [
        60,
        0,
        300000,
        0,
        -60,
        5000040
      ]
    },
    {
      "id": "MSK_CLASSI_SNOW_ICE",
      "data_type": {
        "type": "PixelType",
        "precision": "float",
        "min": 0,
        "max": 0.02550000138580799
      },
      "dimensions": [
        1830,
        1830
      ],
      "crs": "EPSG:32632",
      "crs_transform": [
        60,
        0,
        300000,
        0,
        -60,
        5000040
      ]
    },
    {
      "id": "NDVI",
      "data_type": {
        "type": "PixelType",
        "precision": "float",
        "min": -1,
        "max": 1
      },
      "dimensions": [
        10980,
        10980
      ],
      "crs": "EPSG:32632",
      "crs_transform": [
        10,
        0,
        300000,
        0,
        -10,
        5000040
      ]
    }
  ],
  "system:footprint": null
}