{
  "imageID": "20250604T110619_20250604T111834_T30STF",
  "lon": -5.748250733008798,
  "lat": 36.44491953376633,
  "properties": {
    "system:footprint": {
      "type": "LinearRing",
      "coordinates": [
        [
          -5.138704859841207,
          37.0273912624571
        ],
        [
          -5.138723390234264,
          37.02739372918777
        ],
        [
          -6.371322244032903,
          36.99875799598762
        ],
        [
          -6.371372502458381,
          36.99871996010184
        ],
        [
          -6.3714282820504895,
          36.99868734081898
        ],
        [
          -6.371431123806879,
          36.99867241625198
        ],
        [
          -6.360580775871604,
          36.75168666631717
        ],
        [
          -6.349862090786982,
          36.50469543253569
        ],
        [
          -6.3392732175411455,
          36.257691270966895
        ],
        [
          -6.328812388190047,
          36.010674212436655
        ],
        [
          -6.328765490591397,
          36.01063401723527
        ],
        [
          -6.328725084038104,
          36.010589345022275
        ],
        [
          -6.3287067469361995,
          36.01058708725929
        ],
        [
          -5.111655519774313,
          36.03821428925467
        ],
        [
          -5.111605201626524,
          36.0382517768253
        ],
        [
          -5.1115495575973755,
          36.03828386209364
        ],
        [
          -5.111546457431649,
          36.0382987285166
        ],
        [
          -5.1249171440670604,
          36.53282865809701
        ],
        [
          -5.13861761596903,
          37.02730565776486
        ],
        [
          -5.138664617892595,
          37.02734627157697
        ],
        [
          -5.138704859841207,
          37.0273912624571
        ]
      ]
    },
    "system:index": "20250604T110619_20250604T111834_T30STF",
    "system:bands": {
      "TCI_B": {
        "data_type": {
          "type": "PixelType",
          "precision": "float",
          "min": 0,
          "max": 0.02550000138580799
        },
        "dimensions": [
          10980,
          10980
        ],
        "crs": "EPSG:32630",
        "crs_transform": [
          10,
          0,
          199980,
          0,
          -10,
          4100040
        ]
      },
      "QA10": {
        "data_type": {
          "type": "PixelType",
          "precision": "float",
          "min": 0,
          "max": 6.553500175476074
        },
        "crs": "EPSG:4326",
        "crs_transform": [
          1,
          0,
          0,
          0,
          1,
          0
        ]
      },
      "B8A": {
        "data_type": {
          "type": "PixelType",
          "precision": "float",
          "min": 0,
          "max": 6.553500175476074
        },
        "dimensions": [
          5490,
          5490
        ],
        "crs": "EPSG:32630",
        "crs_transform": [
          20,
          0,
          199980,
          0,
          -20,
          4100040
        ]
      },
      "NDVI": {
        "data_type": {
          "type": "PixelType",
          "precision": "float",
          "min": -1,
          "max": 1
        },
        "dimensions": [
          10980,
          10980
        ],
        "crs": "EPSG:32630",
        "crs_transform": [
          10,
          0,
          199980,
          0,
          -10,
          4100040
        ]
      },
      "MSK_CLASSI_CIRRUS": {
        "data_type": {
          "type": "PixelType",
          "precision": "float",
          "min": 0,
          "max": 0.02550000138580799
        },
        "dimensions": [
          1830,
          1830
        ],
        "crs": "EPSG:32630",
        "crs_transform": [
          60,
          0,
          199980,
          0,
          -60,
          4100040
        ]
      },
      "WVP": {
        "data_type": {
          "type": "PixelType",
          "precision": "float",
          "min": 0,
          "max": 6.553500175476074
        },
        "dimensions": [
          10980,
          10980
        ],
        "crs": "EPSG:32630",
        "crs_transform": [
          10,
          0,
          199980,
          0,
          -10,
          4100040
        ]
      },
      "MSK_CLASSI_OPAQUE": {
        "data_type": {
          "type": "PixelType",
          "precision": "float",
          "min": 0,
          "max": 0.02550000138580799
        },
        "dimensions": [
          1830,
          1830
        ],
        "crs": "EPSG:32630",
        "crs_transform": [
          60,
          0,
          199980,
          0,
          -60,
          4100040
        ]
      },
      "MSK_CLASSI_SNOW_ICE": {
        "data_type": {
          "type": "PixelType",
          "precision": "float",
          "min": 0,
          "max": 0.02550000138580799
        },
        "dimensions": [
          1830,
          1830
        ],
        "crs": "EPSG:32630",
        "crs_transform": [
          60,
          0,
          199980,
          0,
          -60,
          4100040
        ]
      },
      "B11": {
        "data_type": {
          "type": "PixelType",
          "precision": "float",
          "min": 0,
          "max": 6.553500175476074
        },
        "dimensions": [
          5490,
          5490
        ],
        "crs": "EPSG:32630",
        "crs_transform": [
          20,
          0,
          199980,
          0,
          -20,
          4100040
        ]
      },
      "B12": {
        "data_type": {
          "type": "PixelType",
          "precision": "float",
          "min": 0,
          "max": 6.553500175476074
        },
        "dimensions": [
          5490,
          5490
        ],
        "crs": "EPSG:32630",
        "crs_transform": [
          20,
          0,
          199980,
          0,
          -20,
          4100040
        ]
      },
      "AOT": {
        "data_type": {
          "type": "PixelType",
          "precision": "float",
          "min": 0,
          "max": 6.553500175476074
        },
        "dimensions": [
          10980,
          10980
        ],
        "crs": "EPSG:32630",
        "crs_transform": [
          10,
          0,
          199980,
          0,
          -10,
          4100040
        ]
      },
      "QA20": {
        "data_type": {
          "type": "PixelType",
          "precision": "float",
          "min": 0,
          "max": 429496.75
        },
        "crs": "EPSG:4326",
        "crs_transform": [
          1,
          0,
          0,
          0,
          1,
          0
        ]
      },
      "MSK_CLDPRB": {
        "data_type": {
          "type": "PixelType",
          "precision": "float",
          "min": 0,
          "max": 0.02550000138580799
        },
        "dimensions": [
          5490,
          5490
        ],
        "crs": "EPSG:32630",
        "crs_transform": [
          20,
          0,
          199980,
          0,
          -20,
          4100040
        ]
      },
      "B1": {
        "data_type": {
          "type": "PixelType",
          "precision": "float",
          "min": 0,
          "max": 6.553500175476074
        },
        "dimensions": [
          1830,
          1830
        ],
        "crs": "EPSG:32630",
        "crs_transform": [
          60,
          0,
          199980,
          0,
          -60,
          4100040
        ]
      },
      "QA60": {
        "data_type": {
          "type": "PixelType",
          "precision": "float",
          "min": 0,
          "max": 6.553500175476074
        },
        "dimensions": [
          1830,
          1830
        ],
        "crs": "EPSG:32630",
        "crs_transform": [
          60,
          0,
          199980,
          0,
          -60,
          4100040
        ]
      },
      "B2": {
        "data_type": {
          "type": "PixelType",
          "precision": "float",
          "min": 0,
          "max": 6.553500175476074
        },
        "dimensions": [
          10980,
          10980
        ],
        "crs": "EPSG:32630",
        "crs_transform": [
          10,
          0,
          199980,
          0,
          -10,
          4100040
        ]
      },
      "B3": {
        "data_type": {
          "type": "PixelType",
          "precision": "float",
          "min": 0,
          "max": 6.553500175476074
        },
        "dimensions": [
          10980,
          10980
        ],
        "crs": "EPSG:32630",
        "crs_transform": [
          10,
          0,
          199980,
          0,
          -10,
          4100040
        ]
      },
      "B4": {
        "data_type": {
          "type": "PixelType",
          "precision": "float",
          "min": 0,
          "max": 6.553500175476074
        },
        "dimensions": [
          10980,
          10980
        ],
        "crs": "EPSG:32630",
        "crs_transform": [
          10,
          0,
          199980,
          0,
          -10,
          4100040
        ]
      },
      "TCI_R": {
        "data_type": {
          "type": "PixelType",
          "precision": "float",
          "min": 0,
          "max": 0.02550000138580799
        },
        "dimensions": [
          10980,
          10980
        ],
        "crs": "EPSG:32630",
        "crs_transform": [
          10,
          0,
          199980,
          0,
          -10,
          4100040
        ]
      },
      "B5": {
        "data_type": {
          "type": "PixelType",
          "precision": "float",
          "min": 0,
          "max": 6.553500175476074
        },
        "dimensions": [
          5490,
          5490
        ],
        "crs": "EPSG:32630",
        "crs_transform": [
          20,
          0,
          199980,
          0,
          -20,
          4100040
        ]
      },
      "B6": {
        "data_type": {
          "type": "PixelType",
          "precision": "float",
          "min": 0,
          "max": 6.553500175476074
        },
        "dimensions": [
          5490,
          5490
        ],
        "crs": "EPSG:32630",
        "crs_transform": [
          20,
          0,
          199980,
          0,
          -20,
          4100040
        ]
      },
      "B7": {
        "data_type": {
          "type": "PixelType",
          "precision": "float",
          "min": 0,
          "max": 6.553500175476074
        },
        "dimensions": [
          5490,
          5490
        ],
        "crs": "EPSG:32630",
        "crs_transform": [
          20,
          0,
          199980,
          0,
          -20,
          4100040
        ]
      },
      "B8": {
        "data_type": {
          "type": "PixelType",
          "precision": "float",
          "min": 0,
          "max": 6.553500175476074
        },
        "dimensions": [
          10980,
          10980
        ],
        "crs": "EPSG:32630",
        "crs_transform": [
          10,
          0,
          199980,
          0,
          -10,
          4100040
        ]
      },
      "B9": {
        "data_type": {
          "type": "PixelType",
          "precision": "float",
          "min": 0,
          "max": 6.553500175476074
        },
        "dimensions": [
          1830,
          1830
        ],
        "crs": "EPSG:32630",
        "crs_transform": [
          60,
          0,
          199980,
          0,
          -60,
          4100040
        ]
      },
      "MSK_SNWPRB": {
        "data_type": {
          "type": "PixelType",
          "precision": "float",
          "min": 0,
          "max": 0.02550000138580799
        },
        "dimensions": [
          5490,
          5490
        ],
        "crs": "EPSG:32630",
        "crs_transform": [
          20,
          0,
          199980,
          0,
          -20,
          4100040
        ]
      },
      "SCL": {
        "data_type": {
          "type": "PixelType",
          "precision": "float",
          "min": 0,
          "max": 0.02550000138580799
        },
        "dimensions": [
          5490,
          5490
        ],
        "crs": "EPSG:32630",
        "crs_transform": [
          20,
          0,
          199980,
          0,
          -20,
          4100040
        ]
      },
      "TCI_G": {
        "data_type": {
          "type": "PixelType",
          "precision": "float",
          "min": 0,
          "max": 0.02550000138580799
        },
        "dimensions": [
          10980,
          10980
        ],
        "crs": "EPSG:32630",
        "crs_transform": [
          10,
          0,
          199980,
          0,
          -10,
          4100040
        ]
      }
    },
    "system:band_names": [
      "B1",
      "B2",
      "B3",
      "B4",
      "B5",
      "B6",
      "B7",
      "B8",
      "B8A",
      "B9",
      "B11",
      "B12",
      "AOT",
      "WVP",
      "SCL",
      "TCI_R",
      "TCI_G",
      "TCI_B",
      "MSK_CLDPRB",
      "MSK_SNWPRB",
      "QA10",
      "QA20",
      "QA60",
      "MSK_CLASSI_OPAQUE",
      "MSK_CLASSI_CIRRUS",
      "MSK_CLASSI_SNOW_ICE",
      "NDVI"
    ]
  },
  "system:bands": [
    {
      "id": "B1",
      "data_type": {
        "type": "PixelType",
        "precision": "float",
        "min": 0,
        "max": 6.553500175476074
      },
      "dimensions": [
        1830,
        1830
      ],
      "crs": "EPSG:32630",
      "crs_transform": [
        60,
        0,
        199980,
        0,
        -60,
        4100040
      ]
    },
    {
      "id": "B2",
      "data_type": {
        "type": "PixelType",
        "precision": "float",
        "min": 0,
        "max": 6.553500175476074
      },
      "dimensions": [
        10980,
        10980
      ],
      "crs": "EPSG:32630",
      "crs_transform": [
        10,
        0,
        199980,
        0,
        -10,
        4100040
      ]
    },
    {
      "id": "B3",
      "data_type": {
        "type": "PixelType",
        "precision": "float",
        "min": 0,
        "max": 6.553500175476074
      },
      "dimensions": [
        10980,
        10980
      ],
      "crs": "EPSG:32630",
      "crs_transform": [
        10,
        0,
        199980,
        0,
        -10,
        4100040
      ]
    },
    {
      "id": "B4",
      "data_type": {
        "type": "PixelType",
        "precision": "float",
        "min": 0,
        "max": 6.553500175476074
      },
      "dimensions": [
        10980,
        10980
      ],
      "crs": "EPSG:32630",
      "crs_transform": [
        10,
        0,
        199980,
        0,
        -10,
        4100040
      ]
    },
    {
      "id": "B5",
      "data_type": {
        "type": "PixelType",
        "precision": "float",
        "min": 0,
        "max": 6.553500175476074
      },
      "dimensions": [
        5490,
        5490
      ],
      "crs": "EPSG:32630",
      "crs_transform": [
        20,
        0,
        199980,
        0,
        -20,
        4100040
      ]
    },
    {
      "id": "B6",
      "data_type": {
        "type": "PixelType",
        "precision": "float",
        "min": 0,
        "max": 6.553500175476074
      },
      "dimensions": [
        5490,
        5490
      ],
      "crs": "EPSG:32630",
      "crs_transform": [
        20,
        0,
        199980,
        0,
        -20,
        4100040
      ]
    },
    {
      "id": "B7",
      "data_type": {
        "type": "PixelType",
        "precision": "float",
        "min": 0,
        "max": 6.553500175476074
      },
      "dimensions": [
        5490,
        5490
      ],
      "crs": "EPSG:32630",
      "crs_transform": [
        20,
        0,
        199980,
        0,
        -20,
        4100040
      ]
    },
    {
      "id": "B8",
      "data_type": {
        "type": "PixelType",
        "precision": "float",
        "min": 0,
        "max": 6.553500175476074
      },
      "dimensions": [
        10980,
        10980
      ],
      "crs": "EPSG:32630",
      "crs_transform": [
        10,
        0,
        199980,
        0,
        -10,
        4100040
      ]
    },
    {
      "id": "B8A",
      "data_type": {
        "type": "PixelType",
        "precision": "float",
        "min": 0,
        "max": 6.553500175476074
      },
      "dimensions": [
        5490,
        5490
      ],
      "crs": "EPSG:32630",
      "crs_transform": [
        20,
        0,
        199980,
        0,
        -20,
        4100040
      ]
    },
    {
      "id": "B9",
      "data_type": {
        "type": "PixelType",
        "precision": "float",
        "min": 0,
        "max": 6.553500175476074
      },
      "dimensions": [
        1830,
        1830
      ],
      "crs": "EPSG:32630",
      "crs_transform": [
        60,
        0,
        199980,
        0,
        -60,
        4100040
      ]
    },
    {
      "id": "B11",
      "data_type": {
        "type": "PixelType",
        "precision": "float",
        "min": 0,
        "max": 6.553500175476074
      },
      "dimensions": [
        5490,
        5490
      ],
      "crs": "EPSG:32630",
      "crs_transform": [
        20,
        0,
        199980,
        0,
        -20,
        4100040
      ]
    },
    {
      "id": "B12",
      "data_type": {
        "type": "PixelType",
        "precision": "float",
        "min": 0,
        "max": 6.553500175476074
      },
      "dimensions": [
        5490,
        5490
      ],
      "crs": "EPSG:32630",
      "crs_transform": [
        20,
        0,
        199980,
        0,
        -20,
        4100040
      ]
    },
    {
      "id": "AOT",
      "data_type": {
        "type": "PixelType",
        "precision": "float",
        "min": 0,
        "max": 6.553500175476074
      },
      "dimensions": [
        10980,
        10980
      ],
      "crs": "EPSG:32630",
      "crs_transform": [
        10,
        0,
        199980,
        0,
        -10,
        4100040
      ]
    },
    {
      "id": "WVP",
      "data_type": {
        "type": "PixelType",
        "precision": "float",
        "min": 0,
        "max": 6.553500175476074
      },
      "dimensions": [
        10980,
        10980
      ],
      "crs": "EPSG:32630",
      "crs_transform": [
        10,
        0,
        199980,
        0,
        -10,
        4100040
      ]
    },
    {
      "id": "SCL",
      "data_type": {
        "type": "PixelType",
        "precision": "float",
        "min": 0,
        "max": 0.02550000138580799
      },
      "dimensions": [
        5490,
        5490
      ],
      "crs": "EPSG:32630",
      "crs_transform": [
        20,
        0,
        199980,
        0,
        -20,
        4100040
      ]
    },
    {
      "id": "TCI_R",
      "data_type": {
        "type": "PixelType",
        "precision": "float",
        "min": 0,
        "max": 0.02550000138580799
      },
      "dimensions": [
        10980,
        10980
      ],
      "crs": "EPSG:32630",
      "crs_transform": [
        10,
        0,
        199980,
        0,
        -10,
        4100040
      ]
    },
    {
      "id": "TCI_G",
      "data_type": {
        "type": "PixelType",
        "precision": "float",
        "min": 0,
        "max": 0.02550000138580799
      },
      "dimensions": [
        10980,
        10980
      ],
      "crs": "EPSG:32630",
      "crs_transform": [
        10,
        0,
        199980,
        0,
        -10,
        4100040
      ]
    },
    {
      "id": "TCI_B",
      "data_type": {
        "type": "PixelType",
        "precision": "float",
        "min": 0,
        "max": 0.02550000138580799
      },
      "dimensions": [
        10980,
        10980
      ],
      "crs": "EPSG:32630",
      "crs_transform": [
        10,
        0,
        199980,
        0,
        -10,
        4100040
      ]
    },
    {
      "id": "MSK_CLDPRB",
      "data_type": {
        "type": "PixelType",
        "precision": "float",
        "min": 0,
        "max": 0.02550000138580799
      },
      "dimensions": [
        5490,
        5490
      ],
      "crs": "EPSG:32630",
      "crs_transform": [
        20,
        0,
        199980,
        0,
        -20,
        4100040
      ]
    },
    {
      "id": "MSK_SNWPRB",
      "data_type": {
        "type": "PixelType",
        "precision": "float",
        "min": 0,
        "max": 0.02550000138580799
      },
      "dimensions": [
        5490,
        5490
      ],
      "crs": "EPSG:32630",
      "crs_transform": [
        20,
        0,
        199980,
        0,
        -20,
        4100040
      ]
    },
    {
      "id": "QA10",
      "data_type": {
        "type": "PixelType",
        "precision": "float",
        "min": 0,
        "max": 6.553500175476074
      },
      "crs": "EPSG:4326",
      "crs_transform": [
        1,
        0,
        0,
        0,
        1,
        0
      ]
    },
    {
      "id": "QA20",
      "data_type": {
        "type": "PixelType",
        "precision": "float",
        "min": 0,
        "max": 429496.75
      },
      "crs": "EPSG:4326",
      "crs_transform": [
        1,
        0,
        0,
        0,
        1,
        0
      ]
    },
    {
      "id": "QA60",
      "data_type": {
        "type": "PixelType",
        "precision": "float",
        "min": 0,
        "max": 6.553500175476074
      },
      "dimensions": [
        1830,
        1830
      ],
      "crs": "EPSG:32630",
      "crs_transform": [
        60,
        0,
        199980,
        0,
        -60,
        4100040
      ]
    },
    {
      "id": "MSK_CLASSI_OPAQUE",
      "data_type": {
        "type": "PixelType",
        "precision": "float",
        "min": 0,
        "max": 0.02550000138580799
      },
      "dimensions": [
        1830,
        1830
      ],
      "crs": "EPSG:32630",
      "crs_transform": [
        60,
        0,
        199980,
        0,
        -60,
        4100040
      ]
    },
    {
      "id": "MSK_CLASSI_CIRRUS",
      "data_type": {
        "type": "PixelType",
        "precision": "float",
        "min": 0,
        "max": 0.02550000138580799
      },
      "dimensions": [
        1830,
        1830
      ],
      "crs": "EPSG:32630",
      "crs_transform": [
        60,
        0,
        199980,
        0,
        -60,
        4100040
      ]
    },
    {
      "id": "MSK_CLASSI_SNOW_ICE",
      "data_type": {
        "type": "PixelType",
        "precision": "float",
        "min": 0,
        "max": 0.02550000138580799
      },
      "dimensions": [
        1830,
        1830
      ],
      "crs": "EPSG:32630",
      "crs_transform": [
        60,
        0,
        199980,
        0,
        -60,
        4100040
      ]
    },
    {
      "id": "NDVI",
      "data_type": {
        "type": "PixelType",
        "precision": "float",
        "min": -1,
        "max": 1
      },
      "dimensions": [
        10980,
        10980
      ],
      "crs": "EPSG:32630",
      "crs_transform": [
        10,
        0,
        199980,
        0,
        -10,
        4100040
      ]
    }
  ],
  "system:footprint": null
}