{
  "imageID": "20250606T092051_20250606T092048_T34SEH",
  "lon": 22.0803889,
  "lat": 38.17075,
  "properties": {
    "system:footprint": {
      "type": "LinearRing",
      "coordinates": [
        [
          20.999654898378186,
          38.849009758091505
        ],
        [
          20.999653988789895,
          38.84899848151668
        ],
        [
          20.999658627690184,
          37.859622208908476
        ],
        [
          20.999705016693753,
          37.859580747713416
        ],
        [
          20.999744401868323,
          37.859535013781475
        ],
        [
          20.999763048429333,
          37.8595322424747
        ],
        [
          22.24763965341787,
          37.85292215359693
        ],
        [
          22.24769277344505,
          37.85295814233032
        ],
        [
          22.24775116908955,
          37.85298861849882
        ],
        [
          22.24775498936529,
          37.85300341834264
        ],
        [
          22.256195413868717,
          38.34760218087819
        ],
        [
          22.26484527456636,
          38.84214989355032
        ],
        [
          22.264799067867322,
          38.84219192191413
        ],
        [
          22.264759955896718,
          38.84223799586966
        ],
        [
          22.264740945659522,
          38.84224103885822
        ],
        [
          20.999769506506603,
          38.84908846708624
        ],
        [
          20.99971629558892,
          38.84905189368263
        ],
        [
          20.99965762714306,
          38.849020769843705
        ],
        [
          20.999654898378186,
          38.849009758091505
        ]
      ]
    },
    "system:index": "20250606T092051_20250606T092048_T34SEH",
    "system:bands": {
      "TCI_B": {
        "data_type": {
          "type": "PixelType",
          "precision": "float",
          "min": 0,
          "max": 0.02550000138580799
        },
        "dimensions": [
          10980,
          10980
        ],
        "crs": "EPSG:32634",
        "crs_transform": [
          10,
          0,
          499980,
          0,
          -10,
          4300020
        ]
      },
      "QA10": {
        "data_type": {
          "type": "PixelType",
          "precision": "float",
          "min": 0,
          "max": 6.553500175476074
        },
        "crs": "EPSG:4326",
        "crs_transform": [
          1,
          0,
          0,
          0,
          1,
          0
        ]
      },
      "B8A": {
        "data_type": {
          "type": "PixelType",
          "precision": "float",
          "min": 0,
          "max": 6.553500175476074
        },
        "dimensions": [
          5490,
          5490
        ],
        "crs": "EPSG:32634",
        "crs_transform": [
          20,
          0,
          499980,
          0,
          -20,
          4300020
        ]
      },
      "NDVI": {
        "data_type": {
          "type": "PixelType",
          "precision": "float",
          "min": -1,
          "max": 1
        },
        "dimensions": [
          10980,
          10980
        ],
        "crs": "EPSG:32634",
        "crs_transform": [
          10,
          0,
          499980,
          0,
          -10,
          4300020
        ]
      },
      "MSK_CLASSI_CIRRUS": {
        "data_type": {
          "type": "PixelType",
          "precision": "float",
          "min": 0,
          "max": 0.02550000138580799
        },
        "dimensions": [
          1830,
          1830
        ],
        "crs": "EPSG:32634",
        "crs_transform": [
          60,
          0,
          499980,
          0,
          -60,
          4300020
        ]
      },
      "WVP": {
        "data_type": {
          "type": "PixelType",
          "precision": "float",
          "min": 0,
          "max": 6.553500175476074
        },
        "dimensions": [
          10980,
          10980
        ],
        "crs": "EPSG:32634",
        "crs_transform": [
          10,
          0,
          499980,
          0,
          -10,
          4300020
        ]
      },
      "MSK_CLASSI_OPAQUE": {
        "data_type": {
          "type": "PixelType",
          "precision": "float",
          "min": 0,
          "max": 0.02550000138580799
        },
        "dimensions": [
          1830,
          1830
        ],
        "crs": "EPSG:32634",
        "crs_transform": [
          60,
          0,
          499980,
          0,
          -60,
          4300020
        ]
      },
      "MSK_CLASSI_SNOW_ICE": {
        "data_type": {
          "type": "PixelType",
          "precision": "float",
          "min": 0,
          "max": 0.02550000138580799
        },
        "dimensions": [
          1830,
          1830
        ],
        "crs": "EPSG:32634",
        "crs_transform": [
          60,
          0,
          499980,
          0,
          -60,
          4300020
        ]
      },
      "B11": {
        "data_type": {
          "type": "PixelType",
          "precision": "float",
          "min": 0,
          "max": 6.553500175476074
        },
        "dimensions": [
          5490,
          5490
        ],
        "crs": "EPSG:32634",
        "crs_transform": [
          20,
          0,
          499980,
          0,
          -20,
          4300020
        ]
      },
      "B12": {
        "data_type": {
          "type": "PixelType",
          "precision": "float",
          "min": 0,
          "max": 6.553500175476074
        },
        "dimensions": [
          5490,
          5490
        ],
        "crs": "EPSG:32634",
        "crs_transform": [
          20,
          0,
          499980,
          0,
          -20,
          4300020
        ]
      },
      "AOT": {
        "data_type": {
          "type": "PixelType",
          "precision": "float",
          "min": 0,
          "max": 6.553500175476074
        },
        "dimensions": [
          10980,
          10980
        ],
        "crs": "EPSG:32634",
        "crs_transform": [
          10,
          0,
          499980,
          0,
          -10,
          4300020
        ]
      },
      "QA20": {
        "data_type": {
          "type": "PixelType",
          "precision": "float",
          "min": 0,
          "max": 429496.75
        },
        "crs": "EPSG:4326",
        "crs_transform": [
          1,
          0,
          0,
          0,
          1,
          0
        ]
      },
      "MSK_CLDPRB": {
        "data_type": {
          "type": "PixelType",
          "precision": "float",
          "min": 0,
          "max": 0.02550000138580799
        },
        "dimensions": [
          5490,
          5490
        ],
        "crs": "EPSG:32634",
        "crs_transform": [
          20,
          0,
          499980,
          0,
          -20,
          4300020
        ]
      },
      "B1": {
        "data_type": {
          "type": "PixelType",
          "precision": "float",
          "min": 0,
          "max": 6.553500175476074
        },
        "dimensions": [
          1830,
          1830
        ],
        "crs": "EPSG:32634",
        "crs_transform": [
          60,
          0,
          499980,
          0,
          -60,
          4300020
        ]
      },
      "QA60": {
        "data_type": {
          "type": "PixelType",
          "precision": "float",
          "min": 0,
          "max": 6.553500175476074
        },
        "dimensions": [
          1830,
          1830
        ],
        "crs": "EPSG:32634",
        "crs_transform": [
          60,
          0,
          499980,
          0,
          -60,
          4300020
        ]
      },
      "B2": {
        "data_type": {
          "type": "PixelType",
          "precision": "float",
          "min": 0,
          "max": 6.553500175476074
        },
        "dimensions": [
          10980,
          10980
        ],
        "crs": "EPSG:32634",
        "crs_transform": [
          10,
          0,
          499980,
          0,
          -10,
          4300020
        ]
      },
      "B3": {
        "data_type": {
          "type": "PixelType",
          "precision": "float",
          "min": 0,
          "max": 6.553500175476074
        },
        "dimensions": [
          10980,
          10980
        ],
        "crs": "EPSG:32634",
        "crs_transform": [
          10,
          0,
          499980,
          0,
          -10,
          4300020
        ]
      },
      "B4": {
        "data_type": {
          "type": "PixelType",
          "precision": "float",
          "min": 0,
          "max": 6.553500175476074
        },
        "dimensions": [
          10980,
          10980
        ],
        "crs": "EPSG:32634",
        "crs_transform": [
          10,
          0,
          499980,
          0,
          -10,
          4300020
        ]
      },
      "TCI_R": {
        "data_type": {
          "type": "PixelType",
          "precision": "float",
          "min": 0,
          "max": 0.02550000138580799
        },
        "dimensions": [
          10980,
          10980
        ],
        "crs": "EPSG:32634",
        "crs_transform": [
          10,
          0,
          499980,
          0,
          -10,
          4300020
        ]
      },
      "B5": {
        "data_type": {
          "type": "PixelType",
          "precision": "float",
          "min": 0,
          "max": 6.553500175476074
        },
        "dimensions": [
          5490,
          5490
        ],
        "crs": "EPSG:32634",
        "crs_transform": [
          20,
          0,
          499980,
          0,
          -20,
          4300020
        ]
      },
      "B6": {
        "data_type": {
          "type": "PixelType",
          "precision": "float",
          "min": 0,
          "max": 6.553500175476074
        },
        "dimensions": [
          5490,
          5490
        ],
        "crs": "EPSG:32634",
        "crs_transform": [
          20,
          0,
          499980,
          0,
          -20,
          4300020
        ]
      },
      "B7": {
        "data_type": {
          "type": "PixelType",
          "precision": "float",
          "min": 0,
          "max": 6.553500175476074
        },
        "dimensions": [
          5490,
          5490
        ],
        "crs": "EPSG:32634",
        "crs_transform": [
          20,
          0,
          499980,
          0,
          -20,
          4300020
        ]
      },
      "B8": {
        "data_type": {
          "type": "PixelType",
          "precision": "float",
          "min": 0,
          "max": 6.553500175476074
        },
        "dimensions": [
          10980,
          10980
        ],
        "crs": "EPSG:32634",
        "crs_transform": [
          10,
          0,
          499980,
          0,
          -10,
          4300020
        ]
      },
      "B9": {
        "data_type": {
          "type": "PixelType",
          "precision": "float",
          "min": 0,
          "max": 6.553500175476074
        },
        "dimensions": [
          1830,
          1830
        ],
        "crs": "EPSG:32634",
        "crs_transform": [
          60,
          0,
          499980,
          0,
          -60,
          4300020
        ]
      },
      "MSK_SNWPRB": {
        "data_type": {
          "type": "PixelType",
          "precision": "float",
          "min": 0,
          "max": 0.02550000138580799
        },
        "dimensions": [
          5490,
          5490
        ],
        "crs": "EPSG:32634",
        "crs_transform": [
          20,
          0,
          499980,
          0,
          -20,
          4300020
        ]
      },
      "SCL": {
        "data_type": {
          "type": "PixelType",
          "precision": "float",
          "min": 0,
          "max": 0.02550000138580799
        },
        "dimensions": [
          5490,
          5490
        ],
        "crs": "EPSG:32634",
        "crs_transform": [
          20,
          0,
          499980,
          0,
          -20,
          4300020
        ]
      },
      "TCI_G": {
        "data_type": {
          "type": "PixelType",
          "precision": "float",
          "min": 0,
          "max": 0.02550000138580799
        },
        "dimensions": [
          10980,
          10980
        ],
        "crs": "EPSG:32634",
        "crs_transform": [
          10,
          0,
          499980,
          0,
          -10,
          4300020
        ]
      }
    },
    "system:band_names": [
      "B1",
      "B2",
      "B3",
      "B4",
      "B5",
      "B6",
      "B7",
      "B8",
      "B8A",
      "B9",
      "B11",
      "B12",
      "AOT",
      "WVP",
      "SCL",
      "TCI_R",
      "TCI_G",
      "TCI_B",
      "MSK_CLDPRB",
      "MSK_SNWPRB",
      "QA10",
      "QA20",
      "QA60",
      "MSK_CLASSI_OPAQUE",
      "MSK_CLASSI_CIRRUS",
      "MSK_CLASSI_SNOW_ICE",
      "NDVI"
    ]
  },
  "system:bands": [
    {
      "id": "B1",
      "data_type": {
        "type": "PixelType",
        "precision": "float",
        "min": 0,
        "max": 6.553500175476074
      },
      "dimensions": [
        1830,
        1830
      ],
      "crs": "EPSG:32634",
      "crs_transform": [
        60,
        0,
        499980,
        0,
        -60,
        4300020
      ]
    },
    {
      "id": "B2",
      "data_type": {
        "type": "PixelType",
        "precision": "float",
        "min": 0,
        "max": 6.553500175476074
      },
      "dimensions": [
        10980,
        10980
      ],
      "crs": "EPSG:32634",
      "crs_transform": [
        10,
        0,
        499980,
        0,
        -10,
        4300020
      ]
    },
    {
      "id": "B3",
      "data_type": {
        "type": "PixelType",
        "precision": "float",
        "min": 0,
        "max": 6.553500175476074
      },
      "dimensions": [
        10980,
        10980
      ],
      "crs": "EPSG:32634",
      "crs_transform": [
        10,
        0,
        499980,
        0,
        -10,
        4300020
      ]
    },
    {
      "id": "B4",
      "data_type": {
        "type": "PixelType",
        "precision": "float",
        "min": 0,
        "max": 6.553500175476074
      },
      "dimensions": [
        10980,
        10980
      ],
      "crs": "EPSG:32634",
      "crs_transform": [
        10,
        0,
        499980,
        0,
        -10,
        4300020
      ]
    },
    {
      "id": "B5",
      "data_type": {
        "type": "PixelType",
        "precision": "float",
        "min": 0,
        "max": 6.553500175476074
      },
      "dimensions": [
        5490,
        5490
      ],
      "crs": "EPSG:32634",
      "crs_transform": [
        20,
        0,
        499980,
        0,
        -20,
        4300020
      ]
    },
    {
      "id": "B6",
      "data_type": {
        "type": "PixelType",
        "precision": "float",
        "min": 0,
        "max": 6.553500175476074
      },
      "dimensions": [
        5490,
        5490
      ],
      "crs": "EPSG:32634",
      "crs_transform": [
        20,
        0,
        499980,
        0,
        -20,
        4300020
      ]
    },
    {
      "id": "B7",
      "data_type": {
        "type": "PixelType",
        "precision": "float",
        "min": 0,
        "max": 6.553500175476074
      },
      "dimensions": [
        5490,
        5490
      ],
      "crs": "EPSG:32634",
      "crs_transform": [
        20,
        0,
        499980,
        0,
        -20,
        4300020
      ]
    },
    {
      "id": "B8",
      "data_type": {
        "type": "PixelType",
        "precision": "float",
        "min": 0,
        "max": 6.553500175476074
      },
      "dimensions": [
        10980,
        10980
      ],
      "crs": "EPSG:32634",
      "crs_transform": [
        10,
        0,
        499980,
        0,
        -10,
        4300020
      ]
    },
    {
      "id": "B8A",
      "data_type": {
        "type": "PixelType",
        "precision": "float",
        "min": 0,
        "max": 6.553500175476074
      },
      "dimensions": [
        5490,
        5490
      ],
      "crs": "EPSG:32634",
      "crs_transform": [
        20,
        0,
        499980,
        0,
        -20,
        4300020
      ]
    },
    {
      "id": "B9",
      "data_type": {
        "type": "PixelType",
        "precision": "float",
        "min": 0,
        "max": 6.553500175476074
      },
      "dimensions": [
        1830,
        1830
      ],
      "crs": "EPSG:32634",
      "crs_transform": [
        60,
        0,
        499980,
        0,
        -60,
        4300020
      ]
    },
    {
      "id": "B11",
      "data_type": {
        "type": "PixelType",
        "precision": "float",
        "min": 0,
        "max": 6.553500175476074
      },
      "dimensions": [
        5490,
        5490
      ],
      "crs": "EPSG:32634",
      "crs_transform": [
        20,
        0,
        499980,
        0,
        -20,
        4300020
      ]
    },
    {
      "id": "B12",
      "data_type": {
        "type": "PixelType",
        "precision": "float",
        "min": 0,
        "max": 6.553500175476074
      },
      "dimensions": [
        5490,
        5490
      ],
      "crs": "EPSG:32634",
      "crs_transform": [
        20,
        0,
        499980,
        0,
        -20,
        4300020
      ]
    },
    {
      "id": "AOT",
      "data_type": {
        "type": "PixelType",
        "precision": "float",
        "min": 0,
        "max": 6.553500175476074
      },
      "dimensions": [
        10980,
        10980
      ],
      "crs": "EPSG:32634",
      "crs_transform": [
        10,
        0,
        499980,
        0,
        -10,
        4300020
      ]
    },
    {
      "id": "WVP",
      "data_type": {
        "type": "PixelType",
        "precision": "float",
        "min": 0,
        "max": 6.553500175476074
      },
      "dimensions": [
        10980,
        10980
      ],
      "crs": "EPSG:32634",
      "crs_transform": [
        10,
        0,
        499980,
        0,
        -10,
        4300020
      ]
    },
    {
      "id": "SCL",
      "data_type": {
        "type": "PixelType",
        "precision": "float",
        "min": 0,
        "max": 0.02550000138580799
      },
      "dimensions": [
        5490,
        5490
      ],
      "crs": "EPSG:32634",
      "crs_transform": [
        20,
        0,
        499980,
        0,
        -20,
        4300020
      ]
    },
    {
      "id": "TCI_R",
      "data_type": {
        "type": "PixelType",
        "precision": "float",
        "min": 0,
        "max": 0.02550000138580799
      },
      "dimensions": [
        10980,
        10980
      ],
      "crs": "EPSG:32634",
      "crs_transform": [
        10,
        0,
        499980,
        0,
        -10,
        4300020
      ]
    },
    {
      "id": "TCI_G",
      "data_type": {
        "type": "PixelType",
        "precision": "float",
        "min": 0,
        "max": 0.02550000138580799
      },
      "dimensions": [
        10980,
        10980
      ],
      "crs": "EPSG:32634",
      "crs_transform": [
        10,
        0,
        499980,
        0,
        -10,
        4300020
      ]
    },
    {
      "id": "TCI_B",
      "data_type": {
        "type": "PixelType",
        "precision": "float",
        "min": 0,
        "max": 0.02550000138580799
      },
      "dimensions": [
        10980,
        10980
      ],
      "crs": "EPSG:32634",
      "crs_transform": [
        10,
        0,
        499980,
        0,
        -10,
        4300020
      ]
    },
    {
      "id": "MSK_CLDPRB",
      "data_type": {
        "type": "PixelType",
        "precision": "float",
        "min": 0,
        "max": 0.02550000138580799
      },
      "dimensions": [
        5490,
        5490
      ],
      "crs": "EPSG:32634",
      "crs_transform": [
        20,
        0,
        499980,
        0,
        -20,
        4300020
      ]
    },
    {
      "id": "MSK_SNWPRB",
      "data_type": {
        "type": "PixelType",
        "precision": "float",
        "min": 0,
        "max": 0.02550000138580799
      },
      "dimensions": [
        5490,
        5490
      ],
      "crs": "EPSG:32634",
      "crs_transform": [
        20,
        0,
        499980,
        0,
        -20,
        4300020
      ]
    },
    {
      "id": "QA10",
      "data_type": {
        "type": "PixelType",
        "precision": "float",
        "min": 0,
        "max": 6.553500175476074
      },
      "crs": "EPSG:4326",
      "crs_transform": [
        1,
        0,
        0,
        0,
        1,
        0
      ]
    },
    {
      "id": "QA20",
      "data_type": {
        "type": "PixelType",
        "precision": "float",
        "min": 0,
        "max": 429496.75
      },
      "crs": "EPSG:4326",
      "crs_transform": [
        1,
        0,
        0,
        0,
        1,
        0
      ]
    },
    {
      "id": "QA60",
      "data_type": {
        "type": "PixelType",
        "precision": "float",
        "min": 0,
        "max": 6.553500175476074
      },
      "dimensions": [
        1830,
        1830
      ],
      "crs": "EPSG:32634",
      "crs_transform": [
        60,
        0,
        499980,
        0,
        -60,
        4300020
      ]
    },
    {
      "id": "MSK_CLASSI_OPAQUE",
      "data_type": {
        "type": "PixelType",
        "precision": "float",
        "min": 0,
        "max": 0.02550000138580799
      },
      "dimensions": [
        1830,
        1830
      ],
      "crs": "EPSG:32634",
      "crs_transform": [
        60,
        0,
        499980,
        0,
        -60,
        4300020
      ]
    },
    {
      "id": "MSK_CLASSI_CIRRUS",
      "data_type": {
        "type": "PixelType",
        "precision": "float",
        "min": 0,
        "max": 0.02550000138580799
      },
      "dimensions": [
        1830,
        1830
      ],
      "crs": "EPSG:32634",
      "crs_transform": [
        60,
        0,
        499980,
        0,
        -60,
        4300020
      ]
    },
    {
      "id": "MSK_CLASSI_SNOW_ICE",
      "data_type": {
        "type": "PixelType",
        "precision": "float",
        "min": 0,
        "max": 0.02550000138580799
      },
      "dimensions": [
        1830,
        1830
      ],
      "crs": "EPSG:32634",
      "crs_transform": [
        60,
        0,
        499980,
        0,
        -60,
        4300020
      ]
    },
    {
      "id": "NDVI",
      "data_type": {
        "type": "PixelType",
        "precision": "float",
        "min": -1,
        "max": 1
      },
      "dimensions": [
        10980,
        10980
      ],
      "crs": "EPSG:32634",
      "crs_transform": [
        10,
        0,
        499980,
        0,
        -10,
        4300020
      ]
    }
  ],
  "system:footprint": null
}