{
  "imageID": "20250607T112109_20250607T112112_T29SNC",
  "lon": -8.0057389,
  "lat": 38.1818083,
  "properties": {
    "system:footprint": {
      "type": "LinearRing",
      "coordinates": [
        [
          -9.000345145092496,
          38.84900974198042
        ],
        [
          -9.000345988081351,
          38.84899852000762
        ],
        [
          -9.000341351642742,
          37.85962223384531
        ],
        [
          -9.000294987271646,
          37.85958074079844
        ],
        [
          -9.000255619727012,
          37.85953501665499
        ],
        [
          -9.000236905397902,
          37.859532196727706
        ],
        [
          -7.752360343685427,
          37.852922151147894
        ],
        [
          -7.7523072052830795,
          37.852958170355855
        ],
        [
          -7.752248844275783,
          37.85298865892572
        ],
        [
          -7.752245030916193,
          37.853003396957696
        ],
        [
          -7.743804582068175,
          38.34760215431676
        ],
        [
          -7.735154796858926,
          38.84214995812096
        ],
        [
          -7.735200960485751,
          38.84219185828452
        ],
        [
          -7.73524007941763,
          38.84223803223947
        ],
        [
          -7.735258975858609,
          38.84224106061086
        ],
        [
          -9.000230498691655,
          38.84908848098711
        ],
        [
          -9.000283691228992,
          38.84905192358469
        ],
        [
          -9.000342447528208,
          38.84902079094915
        ],
        [
          -9.000345145092496,
          38.84900974198042
        ]
      ]
    },
    "system:index": "20250607T112109_20250607T112112_T29SNC",
    "system:bands": {
      "TCI_B": {
        "data_type": {
          "type": "PixelType",
          "precision": "float",
          "min": 0,
          "max": 0.02550000138580799
        },
        "dimensions": [
          10980,
          10980
        ],
        "crs": "EPSG:32629",
        "crs_transform": [
          10,
          0,
          499980,
          0,
          -10,
          4300020
        ]
      },
      "QA10": {
        "data_type": {
          "type": "PixelType",
          "precision": "float",
          "min": 0,
          "max": 6.553500175476074
        },
        "crs": "EPSG:4326",
        "crs_transform": [
          1,
          0,
          0,
          0,
          1,
          0
        ]
      },
      "B8A": {
        "data_type": {
          "type": "PixelType",
          "precision": "float",
          "min": 0,
          "max": 6.553500175476074
        },
        "dimensions": [
          5490,
          5490
        ],
        "crs": "EPSG:32629",
        "crs_transform": [
          20,
          0,
          499980,
          0,
          -20,
          4300020
        ]
      },
      "NDVI": {
        "data_type": {
          "type": "PixelType",
          "precision": "float",
          "min": -1,
          "max": 1
        },
        "dimensions": [
          10980,
          10980
        ],
        "crs": "EPSG:32629",
        "crs_transform": [
          10,
          0,
          499980,
          0,
          -10,
          4300020
        ]
      },
      "MSK_CLASSI_CIRRUS": {
        "data_type": {
          "type": "PixelType",
          "precision": "float",
          "min": 0,
          "max": 0.02550000138580799
        },
        "dimensions": [
          1830,
          1830
        ],
        "crs": "EPSG:32629",
        "crs_transform": [
          60,
          0,
          499980,
          0,
          -60,
          4300020
        ]
      },
      "WVP": {
        "data_type": {
          "type": "PixelType",
          "precision": "float",
          "min": 0,
          "max": 6.553500175476074
        },
        "dimensions": [
          10980,
          10980
        ],
        "crs": "EPSG:32629",
        "crs_transform": [
          10,
          0,
          499980,
          0,
          -10,
          4300020
        ]
      },
      "MSK_CLASSI_OPAQUE": {
        "data_type": {
          "type": "PixelType",
          "precision": "float",
          "min": 0,
          "max": 0.02550000138580799
        },
        "dimensions": [
          1830,
          1830
        ],
        "crs": "EPSG:32629",
        "crs_transform": [
          60,
          0,
          499980,
          0,
          -60,
          4300020
        ]
      },
      "MSK_CLASSI_SNOW_ICE": {
        "data_type": {
          "type": "PixelType",
          "precision": "float",
          "min": 0,
          "max": 0.02550000138580799
        },
        "dimensions": [
          1830,
          1830
        ],
        "crs": "EPSG:32629",
        "crs_transform": [
          60,
          0,
          499980,
          0,
          -60,
          4300020
        ]
      },
      "B11": {
        "data_type": {
          "type": "PixelType",
          "precision": "float",
          "min": 0,
          "max": 6.553500175476074
        },
        "dimensions": [
          5490,
          5490
        ],
        "crs": "EPSG:32629",
        "crs_transform": [
          20,
          0,
          499980,
          0,
          -20,
          4300020
        ]
      },
      "B12": {
        "data_type": {
          "type": "PixelType",
          "precision": "float",
          "min": 0,
          "max": 6.553500175476074
        },
        "dimensions": [
          5490,
          5490
        ],
        "crs": "EPSG:32629",
        "crs_transform": [
          20,
          0,
          499980,
          0,
          -20,
          4300020
        ]
      },
      "AOT": {
        "data_type": {
          "type": "PixelType",
          "precision": "float",
          "min": 0,
          "max": 6.553500175476074
        },
        "dimensions": [
          10980,
          10980
        ],
        "crs": "EPSG:32629",
        "crs_transform": [
          10,
          0,
          499980,
          0,
          -10,
          4300020
        ]
      },
      "QA20": {
        "data_type": {
          "type": "PixelType",
          "precision": "float",
          "min": 0,
          "max": 429496.75
        },
        "crs": "EPSG:4326",
        "crs_transform": [
          1,
          0,
          0,
          0,
          1,
          0
        ]
      },
      "MSK_CLDPRB": {
        "data_type": {
          "type": "PixelType",
          "precision": "float",
          "min": 0,
          "max": 0.02550000138580799
        },
        "dimensions": [
          5490,
          5490
        ],
        "crs": "EPSG:32629",
        "crs_transform": [
          20,
          0,
          499980,
          0,
          -20,
          4300020
        ]
      },
      "B1": {
        "data_type": {
          "type": "PixelType",
          "precision": "float",
          "min": 0,
          "max": 6.553500175476074
        },
        "dimensions": [
          1830,
          1830
        ],
        "crs": "EPSG:32629",
        "crs_transform": [
          60,
          0,
          499980,
          0,
          -60,
          4300020
        ]
      },
      "QA60": {
        "data_type": {
          "type": "PixelType",
          "precision": "float",
          "min": 0,
          "max": 6.553500175476074
        },
        "dimensions": [
          1830,
          1830
        ],
        "crs": "EPSG:32629",
        "crs_transform": [
          60,
          0,
          499980,
          0,
          -60,
          4300020
        ]
      },
      "B2": {
        "data_type": {
          "type": "PixelType",
          "precision": "float",
          "min": 0,
          "max": 6.553500175476074
        },
        "dimensions": [
          10980,
          10980
        ],
        "crs": "EPSG:32629",
        "crs_transform": [
          10,
          0,
          499980,
          0,
          -10,
          4300020
        ]
      },
      "B3": {
        "data_type": {
          "type": "PixelType",
          "precision": "float",
          "min": 0,
          "max": 6.553500175476074
        },
        "dimensions": [
          10980,
          10980
        ],
        "crs": "EPSG:32629",
        "crs_transform": [
          10,
          0,
          499980,
          0,
          -10,
          4300020
        ]
      },
      "B4": {
        "data_type": {
          "type": "PixelType",
          "precision": "float",
          "min": 0,
          "max": 6.553500175476074
        },
        "dimensions": [
          10980,
          10980
        ],
        "crs": "EPSG:32629",
        "crs_transform": [
          10,
          0,
          499980,
          0,
          -10,
          4300020
        ]
      },
      "TCI_R": {
        "data_type": {
          "type": "PixelType",
          "precision": "float",
          "min": 0,
          "max": 0.02550000138580799
        },
        "dimensions": [
          10980,
          10980
        ],
        "crs": "EPSG:32629",
        "crs_transform": [
          10,
          0,
          499980,
          0,
          -10,
          4300020
        ]
      },
      "B5": {
        "data_type": {
          "type": "PixelType",
          "precision": "float",
          "min": 0,
          "max": 6.553500175476074
        },
        "dimensions": [
          5490,
          5490
        ],
        "crs": "EPSG:32629",
        "crs_transform": [
          20,
          0,
          499980,
          0,
          -20,
          4300020
        ]
      },
      "B6": {
        "data_type": {
          "type": "PixelType",
          "precision": "float",
          "min": 0,
          "max": 6.553500175476074
        },
        "dimensions": [
          5490,
          5490
        ],
        "crs": "EPSG:32629",
        "crs_transform": [
          20,
          0,
          499980,
          0,
          -20,
          4300020
        ]
      },
      "B7": {
        "data_type": {
          "type": "PixelType",
          "precision": "float",
          "min": 0,
          "max": 6.553500175476074
        },
        "dimensions": [
          5490,
          5490
        ],
        "crs": "EPSG:32629",
        "crs_transform": [
          20,
          0,
          499980,
          0,
          -20,
          4300020
        ]
      },
      "B8": {
        "data_type": {
          "type": "PixelType",
          "precision": "float",
          "min": 0,
          "max": 6.553500175476074
        },
        "dimensions": [
          10980,
          10980
        ],
        "crs": "EPSG:32629",
        "crs_transform": [
          10,
          0,
          499980,
          0,
          -10,
          4300020
        ]
      },
      "B9": {
        "data_type": {
          "type": "PixelType",
          "precision": "float",
          "min": 0,
          "max": 6.553500175476074
        },
        "dimensions": [
          1830,
          1830
        ],
        "crs": "EPSG:32629",
        "crs_transform": [
          60,
          0,
          499980,
          0,
          -60,
          4300020
        ]
      },
      "MSK_SNWPRB": {
        "data_type": {
          "type": "PixelType",
          "precision": "float",
          "min": 0,
          "max": 0.02550000138580799
        },
        "dimensions": [
          5490,
          5490
        ],
        "crs": "EPSG:32629",
        "crs_transform": [
          20,
          0,
          499980,
          0,
          -20,
          4300020
        ]
      },
      "SCL": {
        "data_type": {
          "type": "PixelType",
          "precision": "float",
          "min": 0,
          "max": 0.02550000138580799
        },
        "dimensions": [
          5490,
          5490
        ],
        "crs": "EPSG:32629",
        "crs_transform": [
          20,
          0,
          499980,
          0,
          -20,
          4300020
        ]
      },
      "TCI_G": {
        "data_type": {
          "type": "PixelType",
          "precision": "float",
          "min": 0,
          "max": 0.02550000138580799
        },
        "dimensions": [
          10980,
          10980
        ],
        "crs": "EPSG:32629",
        "crs_transform": [
          10,
          0,
          499980,
          0,
          -10,
          4300020
        ]
      }
    },
    "system:band_names": [
      "B1",
      "B2",
      "B3",
      "B4",
      "B5",
      "B6",
      "B7",
      "B8",
      "B8A",
      "B9",
      "B11",
      "B12",
      "AOT",
      "WVP",
      "SCL",
      "TCI_R",
      "TCI_G",
      "TCI_B",
      "MSK_CLDPRB",
      "MSK_SNWPRB",
      "QA10",
      "QA20",
      "QA60",
      "MSK_CLASSI_OPAQUE",
      "MSK_CLASSI_CIRRUS",
      "MSK_CLASSI_SNOW_ICE",
      "NDVI"
    ]
  },
  "system:bands": [
    {
      "id": "B1",
      "data_type": {
        "type": "PixelType",
        "precision": "float",
        "min": 0,
        "max": 6.553500175476074
      },
      "dimensions": [
        1830,
        1830
      ],
      "crs": "EPSG:32629",
      "crs_transform": [
        60,
        0,
        499980,
        0,
        -60,
        4300020
      ]
    },
    {
      "id": "B2",
      "data_type": {
        "type": "PixelType",
        "precision": "float",
        "min": 0,
        "max": 6.553500175476074
      },
      "dimensions": [
        10980,
        10980
      ],
      "crs": "EPSG:32629",
      "crs_transform": [
        10,
        0,
        499980,
        0,
        -10,
        4300020
      ]
    },
    {
      "id": "B3",
      "data_type": {
        "type": "PixelType",
        "precision": "float",
        "min": 0,
        "max": 6.553500175476074
      },
      "dimensions": [
        10980,
        10980
      ],
      "crs": "EPSG:32629",
      "crs_transform": [
        10,
        0,
        499980,
        0,
        -10,
        4300020
      ]
    },
    {
      "id": "B4",
      "data_type": {
        "type": "PixelType",
        "precision": "float",
        "min": 0,
        "max": 6.553500175476074
      },
      "dimensions": [
        10980,
        10980
      ],
      "crs": "EPSG:32629",
      "crs_transform": [
        10,
        0,
        499980,
        0,
        -10,
        4300020
      ]
    },
    {
      "id": "B5",
      "data_type": {
        "type": "PixelType",
        "precision": "float",
        "min": 0,
        "max": 6.553500175476074
      },
      "dimensions": [
        5490,
        5490
      ],
      "crs": "EPSG:32629",
      "crs_transform": [
        20,
        0,
        499980,
        0,
        -20,
        4300020
      ]
    },
    {
      "id": "B6",
      "data_type": {
        "type": "PixelType",
        "precision": "float",
        "min": 0,
        "max": 6.553500175476074
      },
      "dimensions": [
        5490,
        5490
      ],
      "crs": "EPSG:32629",
      "crs_transform": [
        20,
        0,
        499980,
        0,
        -20,
        4300020
      ]
    },
    {
      "id": "B7",
      "data_type": {
        "type": "PixelType",
        "precision": "float",
        "min": 0,
        "max": 6.553500175476074
      },
      "dimensions": [
        5490,
        5490
      ],
      "crs": "EPSG:32629",
      "crs_transform": [
        20,
        0,
        499980,
        0,
        -20,
        4300020
      ]
    },
    {
      "id": "B8",
      "data_type": {
        "type": "PixelType",
        "precision": "float",
        "min": 0,
        "max": 6.553500175476074
      },
      "dimensions": [
        10980,
        10980
      ],
      "crs": "EPSG:32629",
      "crs_transform": [
        10,
        0,
        499980,
        0,
        -10,
        4300020
      ]
    },
    {
      "id": "B8A",
      "data_type": {
        "type": "PixelType",
        "precision": "float",
        "min": 0,
        "max": 6.553500175476074
      },
      "dimensions": [
        5490,
        5490
      ],
      "crs": "EPSG:32629",
      "crs_transform": [
        20,
        0,
        499980,
        0,
        -20,
        4300020
      ]
    },
    {
      "id": "B9",
      "data_type": {
        "type": "PixelType",
        "precision": "float",
        "min": 0,
        "max": 6.553500175476074
      },
      "dimensions": [
        1830,
        1830
      ],
      "crs": "EPSG:32629",
      "crs_transform": [
        60,
        0,
        499980,
        0,
        -60,
        4300020
      ]
    },
    {
      "id": "B11",
      "data_type": {
        "type": "PixelType",
        "precision": "float",
        "min": 0,
        "max": 6.553500175476074
      },
      "dimensions": [
        5490,
        5490
      ],
      "crs": "EPSG:32629",
      "crs_transform": [
        20,
        0,
        499980,
        0,
        -20,
        4300020
      ]
    },
    {
      "id": "B12",
      "data_type": {
        "type": "PixelType",
        "precision": "float",
        "min": 0,
        "max": 6.553500175476074
      },
      "dimensions": [
        5490,
        5490
      ],
      "crs": "EPSG:32629",
      "crs_transform": [
        20,
        0,
        499980,
        0,
        -20,
        4300020
      ]
    },
    {
      "id": "AOT",
      "data_type": {
        "type": "PixelType",
        "precision": "float",
        "min": 0,
        "max": 6.553500175476074
      },
      "dimensions": [
        10980,
        10980
      ],
      "crs": "EPSG:32629",
      "crs_transform": [
        10,
        0,
        499980,
        0,
        -10,
        4300020
      ]
    },
    {
      "id": "WVP",
      "data_type": {
        "type": "PixelType",
        "precision": "float",
        "min": 0,
        "max": 6.553500175476074
      },
      "dimensions": [
        10980,
        10980
      ],
      "crs": "EPSG:32629",
      "crs_transform": [
        10,
        0,
        499980,
        0,
        -10,
        4300020
      ]
    },
    {
      "id": "SCL",
      "data_type": {
        "type": "PixelType",
        "precision": "float",
        "min": 0,
        "max": 0.02550000138580799
      },
      "dimensions": [
        5490,
        5490
      ],
      "crs": "EPSG:32629",
      "crs_transform": [
        20,
        0,
        499980,
        0,
        -20,
        4300020
      ]
    },
    {
      "id": "TCI_R",
      "data_type": {
        "type": "PixelType",
        "precision": "float",
        "min": 0,
        "max": 0.02550000138580799
      },
      "dimensions": [
        10980,
        10980
      ],
      "crs": "EPSG:32629",
      "crs_transform": [
        10,
        0,
        499980,
        0,
        -10,
        4300020
      ]
    },
    {
      "id": "TCI_G",
      "data_type": {
        "type": "PixelType",
        "precision": "float",
        "min": 0,
        "max": 0.02550000138580799
      },
      "dimensions": [
        10980,
        10980
      ],
      "crs": "EPSG:32629",
      "crs_transform": [
        10,
        0,
        499980,
        0,
        -10,
        4300020
      ]
    },
    {
      "id": "TCI_B",
      "data_type": {
        "type": "PixelType",
        "precision": "float",
        "min": 0,
        "max": 0.02550000138580799
      },
      "dimensions": [
        10980,
        10980
      ],
      "crs": "EPSG:32629",
      "crs_transform": [
        10,
        0,
        499980,
        0,
        -10,
        4300020
      ]
    },
    {
      "id": "MSK_CLDPRB",
      "data_type": {
        "type": "PixelType",
        "precision": "float",
        "min": 0,
        "max": 0.02550000138580799
      },
      "dimensions": [
        5490,
        5490
      ],
      "crs": "EPSG:32629",
      "crs_transform": [
        20,
        0,
        499980,
        0,
        -20,
        4300020
      ]
    },
    {
      "id": "MSK_SNWPRB",
      "data_type": {
        "type": "PixelType",
        "precision": "float",
        "min": 0,
        "max": 0.02550000138580799
      },
      "dimensions": [
        5490,
        5490
      ],
      "crs": "EPSG:32629",
      "crs_transform": [
        20,
        0,
        499980,
        0,
        -20,
        4300020
      ]
    },
    {
      "id": "QA10",
      "data_type": {
        "type": "PixelType",
        "precision": "float",
        "min": 0,
        "max": 6.553500175476074
      },
      "crs": "EPSG:4326",
      "crs_transform": [
        1,
        0,
        0,
        0,
        1,
        0
      ]
    },
    {
      "id": "QA20",
      "data_type": {
        "type": "PixelType",
        "precision": "float",
        "min": 0,
        "max": 429496.75
      },
      "crs": "EPSG:4326",
      "crs_transform": [
        1,
        0,
        0,
        0,
        1,
        0
      ]
    },
    {
      "id": "QA60",
      "data_type": {
        "type": "PixelType",
        "precision": "float",
        "min": 0,
        "max": 6.553500175476074
      },
      "dimensions": [
        1830,
        1830
      ],
      "crs": "EPSG:32629",
      "crs_transform": [
        60,
        0,
        499980,
        0,
        -60,
        4300020
      ]
    },
    {
      "id": "MSK_CLASSI_OPAQUE",
      "data_type": {
        "type": "PixelType",
        "precision": "float",
        "min": 0,
        "max": 0.02550000138580799
      },
      "dimensions": [
        1830,
        1830
      ],
      "crs": "EPSG:32629",
      "crs_transform": [
        60,
        0,
        499980,
        0,
        -60,
        4300020
      ]
    },
    {
      "id": "MSK_CLASSI_CIRRUS",
      "data_type": {
        "type": "PixelType",
        "precision": "float",
        "min": 0,
        "max": 0.02550000138580799
      },
      "dimensions": [
        1830,
        1830
      ],
      "crs": "EPSG:32629",
      "crs_transform": [
        60,
        0,
        499980,
        0,
        -60,
        4300020
      ]
    },
    {
      "id": "MSK_CLASSI_SNOW_ICE",
      "data_type": {
        "type": "PixelType",
        "precision": "float",
        "min": 0,
        "max": 0.02550000138580799
      },
      "dimensions": [
        1830,
        1830
      ],
      "crs": "EPSG:32629",
      "crs_transform": [
        60,
        0,
        499980,
        0,
        -60,
        4300020
      ]
    },
    {
      "id": "NDVI",
      "data_type": {
        "type": "PixelType",
        "precision": "float",
        "min": -1,
        "max": 1
      },
      "dimensions": [
        10980,
        10980
      ],
      "crs": "EPSG:32629",
      "crs_transform": [
        10,
        0,
        499980,
        0,
        -10,
        4300020
      ]
    }
  ],
  "system:footprint": null
}