Dates,longitude,latitude,id,NDVI,ImageID,image_path,json_path
20250601,-5.725026187763598,36.42516661821643,343,0.46540000000000004,20250601,/content/ndvi_noaa_output/NDVI_20250601_ID343.tif,/content/ndvi_noaa_output/processed_metadata_20250601_ID343.json
20250602,-8.025036708611857,38.17517462320967,337,0.4088,20250602,/content/ndvi_noaa_output/NDVI_20250602_ID337.tif,/content/ndvi_noaa_output/processed_metadata_20250602_ID337.json
20250603,22.075100977271866,38.17517462320967,35,0.6623,20250603,/content/ndvi_noaa_output/NDVI_20250603_ID35.tif,/content/ndvi_noaa_output/processed_metadata_20250603_ID35.json
20250603,-8.025036708611857,38.17517462320967,337,0.33430000000000004,20250603,/content/ndvi_noaa_output/NDVI_20250603_ID337.tif,/content/ndvi_noaa_output/processed_metadata_20250603_ID337.json
20250604,22.075100977271866,38.17517462320967,35,0.6449,20250604,/content/ndvi_noaa_output/NDVI_20250604_ID35.tif,/content/ndvi_noaa_output/processed_metadata_20250604_ID35.json
20250604,-5.725026187763598,36.42516661821643,343,0.46040000000000003,20250604,/content/ndvi_noaa_output/NDVI_20250604_ID343.tif,/content/ndvi_noaa_output/processed_metadata_20250604_ID343.json
20250605,22.075100977271866,38.17517462320967,35,0.5406000000000001,20250605,/content/ndvi_noaa_output/NDVI_20250605_ID35.tif,/content/ndvi_noaa_output/processed_metadata_20250605_ID35.json
20250605,-8.025036708611857,38.17517462320967,337,0.4101,20250605,/content/ndvi_noaa_output/NDVI_20250605_ID337.tif,/content/ndvi_noaa_output/processed_metadata_20250605_ID337.json
20250605,-5.725026187763598,36.42516661821643,343,0.44020000000000004,20250605,/content/ndvi_noaa_output/NDVI_20250605_ID343.tif,/content/ndvi_noaa_output/processed_metadata_20250605_ID343.json
20250606,22.075100977271866,38.17517462320967,35,0.6809000000000001,20250606,/content/ndvi_noaa_output/NDVI_20250606_ID35.tif,/content/ndvi_noaa_output/processed_metadata_20250606_ID35.json
20250606,-8.025036708611857,38.17517462320967,337,0.42160000000000003,20250606,/content/ndvi_noaa_output/NDVI_20250606_ID337.tif,/content/ndvi_noaa_output/processed_metadata_20250606_ID337.json
20250606,-5.725026187763598,36.42516661821643,343,0.46540000000000004,20250606,/content/ndvi_noaa_output/NDVI_20250606_ID343.tif,/content/ndvi_noaa_output/processed_metadata_20250606_ID343.json
20250607,-8.025036708611857,38.17517462320967,337,0.4192,20250607,/content/ndvi_noaa_output/NDVI_20250607_ID337.tif,/content/ndvi_noaa_output/processed_metadata_20250607_ID337.json
20250607,-5.725026187763598,36.42516661821643,343,0.39940000000000003,20250607,/content/ndvi_noaa_output/NDVI_20250607_ID343.tif,/content/ndvi_noaa_output/processed_metadata_20250607_ID343.json
20250608,22.075100977271866,38.17517462320967,35,0.6708000000000001,20250608,/content/ndvi_noaa_output/NDVI_20250608_ID35.tif,/content/ndvi_noaa_output/processed_metadata_20250608_ID35.json
20250608,-8.025036708611857,38.17517462320967,337,0.35850000000000004,20250608,/content/ndvi_noaa_output/NDVI_20250608_ID337.tif,/content/ndvi_noaa_output/processed_metadata_20250608_ID337.json
20250608,7.675035107613208,45.025205957040356,342,0.5837,20250608,/content/ndvi_noaa_output/NDVI_20250608_ID342.tif,/content/ndvi_noaa_output/processed_metadata_20250608_ID342.json
20250608,-5.725026187763598,36.42516661821643,343,0.3501,20250608,/content/ndvi_noaa_output/NDVI_20250608_ID343.tif,/content/ndvi_noaa_output/processed_metadata_20250608_ID343.json
20250609,22.075100977271866,38.17517462320967,35,0.6565000000000001,20250609,/content/ndvi_noaa_output/NDVI_20250609_ID35.tif,/content/ndvi_noaa_output/processed_metadata_20250609_ID35.json
20250609,7.675035107613208,45.025205957040356,342,0.6118,20250609,/content/ndvi_noaa_output/NDVI_20250609_ID342.tif,/content/ndvi_noaa_output/processed_metadata_20250609_ID342.json
20250609,-5.725026187763598,36.42516661821643,343,0.4088,20250609,/content/ndvi_noaa_output/NDVI_20250609_ID343.tif,/content/ndvi_noaa_output/processed_metadata_20250609_ID343.json
