{
  "MEAN_INCIDENCE_AZIMUTH_ANGLE_B12": 275.698732237254,
  "MEAN_INCIDENCE_AZIMUTH_ANGLE_B9": 275.983540638065,
  "NOT_VEGETATED_PERCENTAGE": 19.411488,
  "MEAN_INCIDENCE_ZENITH_ANGLE_B8A": 5.28192325052059,
  "MEAN_INCIDENCE_AZIMUTH_ANGLE_B11": 275.748563433861,
  "MEAN_INCIDENCE_ZENITH_ANGLE_B10": 5.05987284888567,
  "WATER_VAPOUR_RETRIEVAL_ACCURACY": 0,
  "MEAN_INCIDENCE_AZIMUTH_ANGLE_B8": 276.581299128949,
  "BOA_ADD_OFFSET_B5": -1000,
  "DATASTRIP_ID": "S2A_OPER_MSI_L2A_DS_2APS_20250609T143435_S20250609T103729_N05.11",
  "GEOMETRIC_QUALITY": "PASSED",
  "BOA_ADD_OFFSET_B11": -1000,
  "SOLAR_IRRADIANCE_B9": 812.92,
  "MEAN_INCIDENCE_ZENITH_ANGLE_B4": 5.08344740770384,
  "DEGRADED_MSI_DATA_PERCENTAGE": 0.0255,
  "MEAN_INCIDENCE_ZENITH_ANGLE_B9": 5.40181310172748,
  "MEAN_INCIDENCE_AZIMUTH_ANGLE_B10": 275.92351489263,
  "BOA_ADD_OFFSET_B7": -1000,
  "THIN_CIRRUS_PERCENTAGE": 0.224608,
  "MEAN_INCIDENCE_AZIMUTH_ANGLE_B5": 276.022896230723,
  "SOLAR_IRRADIANCE_B5": 1424.64,
  "SENSING_ORBIT_DIRECTION": "DESCENDING",
  "MGRS_TILE": "32TLQ",
  "MEAN_INCIDENCE_AZIMUTH_ANGLE_B2": 276.957696561347,
  "SOLAR_IRRADIANCE_B3": 1823.24,
  "lon": 7.671792380423272,
  "SOLAR_IRRADIANCE_B4": 1512.06,
  "imageID": "20250609T102701_20250609T103729_T32TLQ",
  "MEAN_INCIDENCE_AZIMUTH_ANGLE_B8A": 275.990228300669,
  "OZONE_VALUE": 324.688429,
  "PRODUCT_ID": "S2A_MSIL2A_20250609T102701_N0511_R108_T32TLQ_20250609T143435",
  "MEAN_INCIDENCE_ZENITH_ANGLE_B12": 5.29776935632183,
  "system:index": "20250609T102701_20250609T103729_T32TLQ",
  "MEAN_INCIDENCE_AZIMUTH_ANGLE_B1": 275.955192922923,
  "MEAN_INCIDENCE_ZENITH_ANGLE_B3": 5.00055343173947,
  "SOLAR_IRRADIANCE_B6": 1287.61,
  "WATER_PERCENTAGE": 0.074688,
  "CLOUDY_PIXEL_OVER_LAND_PERCENTAGE": 13.155256,
  "GRANULE_ID": "L2A_T32TLQ_A052043_20250609T103729",
  "BOA_ADD_OFFSET_B8A": -1000,
  "MEAN_INCIDENCE_ZENITH_ANGLE_B11": 5.16875964382398,
  "system:version": 1761671979569102,
  "SENSING_ORBIT_NUMBER": 108,
  "MEAN_INCIDENCE_AZIMUTH_ANGLE_B6": 275.982370078661,
  "SOLAR_IRRADIANCE_B8": 1041.63,
  "FORMAT_CORRECTNESS": "PASSED",
  "AOT_RETRIEVAL_METHOD": "SEN2COR_DDV",
  "MEAN_INCIDENCE_ZENITH_ANGLE_B6": 5.17726607662843,
  "system:id": "COPERNICUS/S2_SR_HARMONIZED/20250609T102701_20250609T103729_T32TLQ",
  "MEDIUM_PROBA_CLOUDS_PERCENTAGE": 3.78303,
  "SOLAR_IRRADIANCE_B7": 1162.08,
  "SOLAR_IRRADIANCE_B1": 1884.69,
  "BOA_ADD_OFFSET_B4": -1000,
  "SOLAR_IRRADIANCE_B12": 85.25,
  "SOLAR_IRRADIANCE_B8A": 955.32,
  "system:time_start": 1749465528744,
  "CLOUDY_PIXEL_PERCENTAGE": 13.159415,
  "MEAN_SOLAR_AZIMUTH_ANGLE": 149.689898052546,
  "BOA_ADD_OFFSET_B8": -1000,
  "MEAN_INCIDENCE_ZENITH_ANGLE_B8": 4.9744724340784,
  "UNCLASSIFIED_PERCENTAGE": 0.843819,
  "OZONE_SOURCE": "AUX_ECMWFT",
  "system:band_names": [
    "B1",
    "B2",
    "B3",
    "B4",
    "B5",
    "B6",
    "B7",
    "B8",
    "B8A",
    "B9",
    "B11",
    "B12",
    "AOT",
    "WVP",
    "SCL",
    "TCI_R",
    "TCI_G",
    "TCI_B",
    "MSK_CLDPRB",
    "MSK_SNWPRB",
    "QA10",
    "QA20",
    "QA60",
    "MSK_CLASSI_OPAQUE",
    "MSK_CLASSI_CIRRUS",
    "MSK_CLASSI_SNOW_ICE"
  ],
  "MEAN_INCIDENCE_AZIMUTH_ANGLE_B3": 276.417347391488,
  "AOT_RETRIEVAL_ACCURACY": 0,
  "SATURATED_DEFECTIVE_PIXEL_PERCENTAGE": 0,
  "CAST_SHADOW_PERCENTAGE": 0.589892,
  "BOA_ADD_OFFSET_B12": -1000,
  "CLOUD_COVERAGE_ASSESSMENT": 13.159415,
  "DATATAKE_IDENTIFIER": "GS2A_20250609T102701_052043_N05.11",
  "SOLAR_IRRADIANCE_B11": 245.59,
  "BOA_ADD_OFFSET_B1": -1000,
  "BOA_ADD_OFFSET_B6": -1000,
  "lat": 45.01217269975036,
  "PROCESSING_BASELINE": "05.11",
  "SNOW_ICE_PERCENTAGE": 3.791145,
  "VEGETATION_PERCENTAGE": 61.844975,
  "MEAN_INCIDENCE_ZENITH_ANGLE_B7": 5.23457805950917,
  "BOA_ADD_OFFSET_B2": -1000,
  "HIGH_PROBA_CLOUDS_PERCENTAGE": 9.151778,
  "RADIATIVE_TRANSFER_ACCURACY": 0,
  "MEAN_INCIDENCE_ZENITH_ANGLE_B5": 5.12861816684445,
  "REFLECTANCE_CONVERSION_CORRECTION": 0.971338194980043,
  "system:bands": [
    {
      "id": "B1",
      "data_type": {
        "type": "PixelType",
        "precision": "float",
        "min": 0,
        "max": 6.553500175476074
      },
      "dimensions": [
        1830,
        1830
      ],
      "crs": "EPSG:32632",
      "crs_transform": [
        60,
        0,
        300000,
        0,
        -60,
        5000040
      ]
    },
    {
      "id": "B2",
      "data_type": {
        "type": "PixelType",
        "precision": "float",
        "min": 0,
        "max": 6.553500175476074
      },
      "dimensions": [
        10980,
        10980
      ],
      "crs": "EPSG:32632",
      "crs_transform": [
        10,
        0,
        300000,
        0,
        -10,
        5000040
      ]
    },
    {
      "id": "B3",
      "data_type": {
        "type": "PixelType",
        "precision": "float",
        "min": 0,
        "max": 6.553500175476074
      },
      "dimensions": [
        10980,
        10980
      ],
      "crs": "EPSG:32632",
      "crs_transform": [
        10,
        0,
        300000,
        0,
        -10,
        5000040
      ]
    },
    {
      "id": "B4",
      "data_type": {
        "type": "PixelType",
        "precision": "float",
        "min": 0,
        "max": 6.553500175476074
      },
      "dimensions": [
        10980,
        10980
      ],
      "crs": "EPSG:32632",
      "crs_transform": [
        10,
        0,
        300000,
        0,
        -10,
        5000040
      ]
    },
    {
      "id": "B5",
      "data_type": {
        "type": "PixelType",
        "precision": "float",
        "min": 0,
        "max": 6.553500175476074
      },
      "dimensions": [
        5490,
        5490
      ],
      "crs": "EPSG:32632",
      "crs_transform": [
        20,
        0,
        300000,
        0,
        -20,
        5000040
      ]
    },
    {
      "id": "B6",
      "data_type": {
        "type": "PixelType",
        "precision": "float",
        "min": 0,
        "max": 6.553500175476074
      },
      "dimensions": [
        5490,
        5490
      ],
      "crs": "EPSG:32632",
      "crs_transform": [
        20,
        0,
        300000,
        0,
        -20,
        5000040
      ]
    },
    {
      "id": "B7",
      "data_type": {
        "type": "PixelType",
        "precision": "float",
        "min": 0,
        "max": 6.553500175476074
      },
      "dimensions": [
        5490,
        5490
      ],
      "crs": "EPSG:32632",
      "crs_transform": [
        20,
        0,
        300000,
        0,
        -20,
        5000040
      ]
    },
    {
      "id": "B8",
      "data_type": {
        "type": "PixelType",
        "precision": "float",
        "min": 0,
        "max": 6.553500175476074
      },
      "dimensions": [
        10980,
        10980
      ],
      "crs": "EPSG:32632",
      "crs_transform": [
        10,
        0,
        300000,
        0,
        -10,
        5000040
      ]
    },
    {
      "id": "B8A",
      "data_type": {
        "type": "PixelType",
        "precision": "float",
        "min": 0,
        "max": 6.553500175476074
      },
      "dimensions": [
        5490,
        5490
      ],
      "crs": "EPSG:32632",
      "crs_transform": [
        20,
        0,
        300000,
        0,
        -20,
        5000040
      ]
    },
    {
      "id": "B9",
      "data_type": {
        "type": "PixelType",
        "precision": "float",
        "min": 0,
        "max": 6.553500175476074
      },
      "dimensions": [
        1830,
        1830
      ],
      "crs": "EPSG:32632",
      "crs_transform": [
        60,
        0,
        300000,
        0,
        -60,
        5000040
      ]
    },
    {
      "id": "B11",
      "data_type": {
        "type": "PixelType",
        "precision": "float",
        "min": 0,
        "max": 6.553500175476074
      },
      "dimensions": [
        5490,
        5490
      ],
      "crs": "EPSG:32632",
      "crs_transform": [
        20,
        0,
        300000,
        0,
        -20,
        5000040
      ]
    },
    {
      "id": "B12",
      "data_type": {
        "type": "PixelType",
        "precision": "float",
        "min": 0,
        "max": 6.553500175476074
      },
      "dimensions": [
        5490,
        5490
      ],
      "crs": "EPSG:32632",
      "crs_transform": [
        20,
        0,
        300000,
        0,
        -20,
        5000040
      ]
    },
    {
      "id": "AOT",
      "data_type": {
        "type": "PixelType",
        "precision": "float",
        "min": 0,
        "max": 6.553500175476074
      },
      "dimensions": [
        10980,
        10980
      ],
      "crs": "EPSG:32632",
      "crs_transform": [
        10,
        0,
        300000,
        0,
        -10,
        5000040
      ]
    },
    {
      "id": "WVP",
      "data_type": {
        "type": "PixelType",
        "precision": "float",
        "min": 0,
        "max": 6.553500175476074
      },
      "dimensions": [
        10980,
        10980
      ],
      "crs": "EPSG:32632",
      "crs_transform": [
        10,
        0,
        300000,
        0,
        -10,
        5000040
      ]
    },
    {
      "id": "SCL",
      "data_type": {
        "type": "PixelType",
        "precision": "float",
        "min": 0,
        "max": 0.02550000138580799
      },
      "dimensions": [
        5490,
        5490
      ],
      "crs": "EPSG:32632",
      "crs_transform": [
        20,
        0,
        300000,
        0,
        -20,
        5000040
      ]
    },
    {
      "id": "TCI_R",
      "data_type": {
        "type": "PixelType",
        "precision": "float",
        "min": 0,
        "max": 0.02550000138580799
      },
      "dimensions": [
        10980,
        10980
      ],
      "crs": "EPSG:32632",
      "crs_transform": [
        10,
        0,
        300000,
        0,
        -10,
        5000040
      ]
    },
    {
      "id": "TCI_G",
      "data_type": {
        "type": "PixelType",
        "precision": "float",
        "min": 0,
        "max": 0.02550000138580799
      },
      "dimensions": [
        10980,
        10980
      ],
      "crs": "EPSG:32632",
      "crs_transform": [
        10,
        0,
        300000,
        0,
        -10,
        5000040
      ]
    },
    {
      "id": "TCI_B",
      "data_type": {
        "type": "PixelType",
        "precision": "float",
        "min": 0,
        "max": 0.02550000138580799
      },
      "dimensions": [
        10980,
        10980
      ],
      "crs": "EPSG:32632",
      "crs_transform": [
        10,
        0,
        300000,
        0,
        -10,
        5000040
      ]
    },
    {
      "id": "MSK_CLDPRB",
      "data_type": {
        "type": "PixelType",
        "precision": "float",
        "min": 0,
        "max": 0.02550000138580799
      },
      "dimensions": [
        5490,
        5490
      ],
      "crs": "EPSG:32632",
      "crs_transform": [
        20,
        0,
        300000,
        0,
        -20,
        5000040
      ]
    },
    {
      "id": "MSK_SNWPRB",
      "data_type": {
        "type": "PixelType",
        "precision": "float",
        "min": 0,
        "max": 0.02550000138580799
      },
      "dimensions": [
        5490,
        5490
      ],
      "crs": "EPSG:32632",
      "crs_transform": [
        20,
        0,
        300000,
        0,
        -20,
        5000040
      ]
    },
    {
      "id": "QA10",
      "data_type": {
        "type": "PixelType",
        "precision": "float",
        "min": 0,
        "max": 6.553500175476074
      },
      "crs": "EPSG:4326",
      "crs_transform": [
        1,
        0,
        0,
        0,
        1,
        0
      ]
    },
    {
      "id": "QA20",
      "data_type": {
        "type": "PixelType",
        "precision": "float",
        "min": 0,
        "max": 429496.75
      },
      "crs": "EPSG:4326",
      "crs_transform": [
        1,
        0,
        0,
        0,
        1,
        0
      ]
    },
    {
      "id": "QA60",
      "data_type": {
        "type": "PixelType",
        "precision": "float",
        "min": 0,
        "max": 6.553500175476074
      },
      "dimensions": [
        1830,
        1830
      ],
      "crs": "EPSG:32632",
      "crs_transform": [
        60,
        0,
        300000,
        0,
        -60,
        5000040
      ]
    },
    {
      "id": "MSK_CLASSI_OPAQUE",
      "data_type": {
        "type": "PixelType",
        "precision": "float",
        "min": 0,
        "max": 0.02550000138580799
      },
      "dimensions": [
        1830,
        1830
      ],
      "crs": "EPSG:32632",
      "crs_transform": [
        60,
        0,
        300000,
        0,
        -60,
        5000040
      ]
    },
    {
      "id": "MSK_CLASSI_CIRRUS",
      "data_type": {
        "type": "PixelType",
        "precision": "float",
        "min": 0,
        "max": 0.02550000138580799
      },
      "dimensions": [
        1830,
        1830
      ],
      "crs": "EPSG:32632",
      "crs_transform": [
        60,
        0,
        300000,
        0,
        -60,
        5000040
      ]
    },
    {
      "id": "MSK_CLASSI_SNOW_ICE",
      "data_type": {
        "type": "PixelType",
        "precision": "float",
        "min": 0,
        "max": 0.02550000138580799
      },
      "dimensions": [
        1830,
        1830
      ],
      "crs": "EPSG:32632",
      "crs_transform": [
        60,
        0,
        300000,
        0,
        -60,
        5000040
      ]
    },
    {
      "id": "NDVI",
      "data_type": {
        "type": "PixelType",
        "precision": "float",
        "min": -1,
        "max": 1
      },
      "dimensions": [
        10980,
        10980
      ],
      "crs": "EPSG:32632",
      "crs_transform": [
        10,
        0,
        300000,
        0,
        -10,
        5000040
      ]
    }
  ],
  "GRANULE_MEAN_AOT": 0.313465,
  "GRANULE_MEAN_WV": 1.140495,
  "DATATAKE_TYPE": "INS-NOBS",
  "L2A_QUALITY": "PASSED",
  "system:footprint": null,
  "GENERATION_TIME": 1749479675000,
  "BOA_ADD_OFFSET_B10": -1000,
  "BOA_ADD_OFFSET_B9": -1000,
  "RADIOMETRIC_QUALITY": "PASSED",
  "CLOUD_SHADOW_PERCENTAGE": 0.284574,
  "MEAN_INCIDENCE_AZIMUTH_ANGLE_B4": 276.120523445577,
  "SOLAR_IRRADIANCE_B10": 367.15,
  "MEAN_INCIDENCE_ZENITH_ANGLE_B2": 4.94397640786067,
  "MEAN_SOLAR_ZENITH_ANGLE": 24.1280409501404,
  "GENERAL_QUALITY": "PASSED",
  "system:asset_size": 1843263317,
  "MEAN_INCIDENCE_AZIMUTH_ANGLE_B7": 275.985389336308,
  "SOLAR_IRRADIANCE_B2": 1959.66,
  "MEAN_INCIDENCE_ZENITH_ANGLE_B1": 5.3384459264462,
  "NODATA_PIXEL_PERCENTAGE": 0,
  "system:time_end": 1749465528744,
  "BOA_ADD_OFFSET_B3": -1000,
  "properties": {
    "system:footprint": {
      "type": "LinearRing",
      "coordinates": [
        [
          7.852352401155512,
          45.14816005799976
        ],
        [
          7.852336442789298,
          45.148160584029135
        ],
        [
          6.456856516140544,
          45.12560346997038
        ],
        [
          6.456799414685342,
          45.1255656588187
        ],
        [
          6.456736031608012,
          45.12553314537671
        ],
        [
          6.45673267007897,
          45.12551829393776
        ],
        [
          6.478400557374038,
          44.631867831703104
        ],
        [
          6.499518701612243,
          44.13817389826988
        ],
        [
          6.499571340441375,
          44.13813358609077
        ],
        [
          6.499616657057292,
          44.13808885497277
        ],
        [
          6.499637322095778,
          44.13808645133701
        ],
        [
          7.871666920836444,
          44.15988423346738
        ],
        [
          7.871724051616696,
          44.15992132968815
        ],
        [
          7.871787161252779,
          44.15995304423725
        ],
        [
          7.871790731931228,
          44.15996791892537
        ],
        [
          7.862252427301278,
          44.654045911061075
        ],
        [
          7.852465818458169,
          45.14807189364682
        ],
        [
          7.8524131334706055,
          45.148112862287334
        ],
        [
          7.852368138943076,
          45.14815811118991
        ],
        [
          7.852352401155512,
          45.14816005799976
        ]
      ]
    },
    "system:index": "20250609T102701_20250609T103729_T32TLQ",
    "system:bands": {
      "TCI_B": {
        "data_type": {
          "type": "PixelType",
          "precision": "float",
          "min": 0,
          "max": 0.02550000138580799
        },
        "dimensions": [
          10980,
          10980
        ],
        "crs": "EPSG:32632",
        "crs_transform": [
          10,
          0,
          300000,
          0,
          -10,
          5000040
        ]
      },
      "QA10": {
        "data_type": {
          "type": "PixelType",
          "precision": "float",
          "min": 0,
          "max": 6.553500175476074
        },
        "crs": "EPSG:4326",
        "crs_transform": [
          1,
          0,
          0,
          0,
          1,
          0
        ]
      },
      "B8A": {
        "data_type": {
          "type": "PixelType",
          "precision": "float",
          "min": 0,
          "max": 6.553500175476074
        },
        "dimensions": [
          5490,
          5490
        ],
        "crs": "EPSG:32632",
        "crs_transform": [
          20,
          0,
          300000,
          0,
          -20,
          5000040
        ]
      },
      "NDVI": {
        "data_type": {
          "type": "PixelType",
          "precision": "float",
          "min": -1,
          "max": 1
        },
        "dimensions": [
          10980,
          10980
        ],
        "crs": "EPSG:32632",
        "crs_transform": [
          10,
          0,
          300000,
          0,
          -10,
          5000040
        ]
      },
      "MSK_CLASSI_CIRRUS": {
        "data_type": {
          "type": "PixelType",
          "precision": "float",
          "min": 0,
          "max": 0.02550000138580799
        },
        "dimensions": [
          1830,
          1830
        ],
        "crs": "EPSG:32632",
        "crs_transform": [
          60,
          0,
          300000,
          0,
          -60,
          5000040
        ]
      },
      "WVP": {
        "data_type": {
          "type": "PixelType",
          "precision": "float",
          "min": 0,
          "max": 6.553500175476074
        },
        "dimensions": [
          10980,
          10980
        ],
        "crs": "EPSG:32632",
        "crs_transform": [
          10,
          0,
          300000,
          0,
          -10,
          5000040
        ]
      },
      "MSK_CLASSI_OPAQUE": {
        "data_type": {
          "type": "PixelType",
          "precision": "float",
          "min": 0,
          "max": 0.02550000138580799
        },
        "dimensions": [
          1830,
          1830
        ],
        "crs": "EPSG:32632",
        "crs_transform": [
          60,
          0,
          300000,
          0,
          -60,
          5000040
        ]
      },
      "MSK_CLASSI_SNOW_ICE": {
        "data_type": {
          "type": "PixelType",
          "precision": "float",
          "min": 0,
          "max": 0.02550000138580799
        },
        "dimensions": [
          1830,
          1830
        ],
        "crs": "EPSG:32632",
        "crs_transform": [
          60,
          0,
          300000,
          0,
          -60,
          5000040
        ]
      },
      "B11": {
        "data_type": {
          "type": "PixelType",
          "precision": "float",
          "min": 0,
          "max": 6.553500175476074
        },
        "dimensions": [
          5490,
          5490
        ],
        "crs": "EPSG:32632",
        "crs_transform": [
          20,
          0,
          300000,
          0,
          -20,
          5000040
        ]
      },
      "B12": {
        "data_type": {
          "type": "PixelType",
          "precision": "float",
          "min": 0,
          "max": 6.553500175476074
        },
        "dimensions": [
          5490,
          5490
        ],
        "crs": "EPSG:32632",
        "crs_transform": [
          20,
          0,
          300000,
          0,
          -20,
          5000040
        ]
      },
      "AOT": {
        "data_type": {
          "type": "PixelType",
          "precision": "float",
          "min": 0,
          "max": 6.553500175476074
        },
        "dimensions": [
          10980,
          10980
        ],
        "crs": "EPSG:32632",
        "crs_transform": [
          10,
          0,
          300000,
          0,
          -10,
          5000040
        ]
      },
      "QA20": {
        "data_type": {
          "type": "PixelType",
          "precision": "float",
          "min": 0,
          "max": 429496.75
        },
        "crs": "EPSG:4326",
        "crs_transform": [
          1,
          0,
          0,
          0,
          1,
          0
        ]
      },
      "MSK_CLDPRB": {
        "data_type": {
          "type": "PixelType",
          "precision": "float",
          "min": 0,
          "max": 0.02550000138580799
        },
        "dimensions": [
          5490,
          5490
        ],
        "crs": "EPSG:32632",
        "crs_transform": [
          20,
          0,
          300000,
          0,
          -20,
          5000040
        ]
      },
      "B1": {
        "data_type": {
          "type": "PixelType",
          "precision": "float",
          "min": 0,
          "max": 6.553500175476074
        },
        "dimensions": [
          1830,
          1830
        ],
        "crs": "EPSG:32632",
        "crs_transform": [
          60,
          0,
          300000,
          0,
          -60,
          5000040
        ]
      },
      "QA60": {
        "data_type": {
          "type": "PixelType",
          "precision": "float",
          "min": 0,
          "max": 6.553500175476074
        },
        "dimensions": [
          1830,
          1830
        ],
        "crs": "EPSG:32632",
        "crs_transform": [
          60,
          0,
          300000,
          0,
          -60,
          5000040
        ]
      },
      "B2": {
        "data_type": {
          "type": "PixelType",
          "precision": "float",
          "min": 0,
          "max": 6.553500175476074
        },
        "dimensions": [
          10980,
          10980
        ],
        "crs": "EPSG:32632",
        "crs_transform": [
          10,
          0,
          300000,
          0,
          -10,
          5000040
        ]
      },
      "B3": {
        "data_type": {
          "type": "PixelType",
          "precision": "float",
          "min": 0,
          "max": 6.553500175476074
        },
        "dimensions": [
          10980,
          10980
        ],
        "crs": "EPSG:32632",
        "crs_transform": [
          10,
          0,
          300000,
          0,
          -10,
          5000040
        ]
      },
      "B4": {
        "data_type": {
          "type": "PixelType",
          "precision": "float",
          "min": 0,
          "max": 6.553500175476074
        },
        "dimensions": [
          10980,
          10980
        ],
        "crs": "EPSG:32632",
        "crs_transform": [
          10,
          0,
          300000,
          0,
          -10,
          5000040
        ]
      },
      "TCI_R": {
        "data_type": {
          "type": "PixelType",
          "precision": "float",
          "min": 0,
          "max": 0.02550000138580799
        },
        "dimensions": [
          10980,
          10980
        ],
        "crs": "EPSG:32632",
        "crs_transform": [
          10,
          0,
          300000,
          0,
          -10,
          5000040
        ]
      },
      "B5": {
        "data_type": {
          "type": "PixelType",
          "precision": "float",
          "min": 0,
          "max": 6.553500175476074
        },
        "dimensions": [
          5490,
          5490
        ],
        "crs": "EPSG:32632",
        "crs_transform": [
          20,
          0,
          300000,
          0,
          -20,
          5000040
        ]
      },
      "B6": {
        "data_type": {
          "type": "PixelType",
          "precision": "float",
          "min": 0,
          "max": 6.553500175476074
        },
        "dimensions": [
          5490,
          5490
        ],
        "crs": "EPSG:32632",
        "crs_transform": [
          20,
          0,
          300000,
          0,
          -20,
          5000040
        ]
      },
      "B7": {
        "data_type": {
          "type": "PixelType",
          "precision": "float",
          "min": 0,
          "max": 6.553500175476074
        },
        "dimensions": [
          5490,
          5490
        ],
        "crs": "EPSG:32632",
        "crs_transform": [
          20,
          0,
          300000,
          0,
          -20,
          5000040
        ]
      },
      "B8": {
        "data_type": {
          "type": "PixelType",
          "precision": "float",
          "min": 0,
          "max": 6.553500175476074
        },
        "dimensions": [
          10980,
          10980
        ],
        "crs": "EPSG:32632",
        "crs_transform": [
          10,
          0,
          300000,
          0,
          -10,
          5000040
        ]
      },
      "B9": {
        "data_type": {
          "type": "PixelType",
          "precision": "float",
          "min": 0,
          "max": 6.553500175476074
        },
        "dimensions": [
          1830,
          1830
        ],
        "crs": "EPSG:32632",
        "crs_transform": [
          60,
          0,
          300000,
          0,
          -60,
          5000040
        ]
      },
      "MSK_SNWPRB": {
        "data_type": {
          "type": "PixelType",
          "precision": "float",
          "min": 0,
          "max": 0.02550000138580799
        },
        "dimensions": [
          5490,
          5490
        ],
        "crs": "EPSG:32632",
        "crs_transform": [
          20,
          0,
          300000,
          0,
          -20,
          5000040
        ]
      },
      "SCL": {
        "data_type": {
          "type": "PixelType",
          "precision": "float",
          "min": 0,
          "max": 0.02550000138580799
        },
        "dimensions": [
          5490,
          5490
        ],
        "crs": "EPSG:32632",
        "crs_transform": [
          20,
          0,
          300000,
          0,
          -20,
          5000040
        ]
      },
      "TCI_G": {
        "data_type": {
          "type": "PixelType",
          "precision": "float",
          "min": 0,
          "max": 0.02550000138580799
        },
        "dimensions": [
          10980,
          10980
        ],
        "crs": "EPSG:32632",
        "crs_transform": [
          10,
          0,
          300000,
          0,
          -10,
          5000040
        ]
      }
    },
    "system:band_names": [
      "B1",
      "B2",
      "B3",
      "B4",
      "B5",
      "B6",
      "B7",
      "B8",
      "B8A",
      "B9",
      "B11",
      "B12",
      "AOT",
      "WVP",
      "SCL",
      "TCI_R",
      "TCI_G",
      "TCI_B",
      "MSK_CLDPRB",
      "MSK_SNWPRB",
      "QA10",
      "QA20",
      "QA60",
      "MSK_CLASSI_OPAQUE",
      "MSK_CLASSI_CIRRUS",
      "MSK_CLASSI_SNOW_ICE",
      "NDVI"
    ]
  },
  "SENSOR_QUALITY": "PASSED",
  "SPACECRAFT_NAME": "Sentinel-2A",
  "system:bands_merged": {
    "B1": {
      "id": "B1",
      "data_type": {
        "type": "PixelType",
        "precision": "float",
        "min": 0,
        "max": 6.553500175476074
      },
      "dimensions": [
        1830,
        1830
      ],
      "crs": "EPSG:32632",
      "crs_transform": [
        60,
        0,
        300000,
        0,
        -60,
        5000040
      ]
    },
    "B2": {
      "id": "B2",
      "data_type": {
        "type": "PixelType",
        "precision": "float",
        "min": 0,
        "max": 6.553500175476074
      },
      "dimensions": [
        10980,
        10980
      ],
      "crs": "EPSG:32632",
      "crs_transform": [
        10,
        0,
        300000,
        0,
        -10,
        5000040
      ]
    },
    "B3": {
      "id": "B3",
      "data_type": {
        "type": "PixelType",
        "precision": "float",
        "min": 0,
        "max": 6.553500175476074
      },
      "dimensions": [
        10980,
        10980
      ],
      "crs": "EPSG:32632",
      "crs_transform": [
        10,
        0,
        300000,
        0,
        -10,
        5000040
      ]
    },
    "B4": {
      "id": "B4",
      "data_type": {
        "type": "PixelType",
        "precision": "float",
        "min": 0,
        "max": 6.553500175476074
      },
      "dimensions": [
        10980,
        10980
      ],
      "crs": "EPSG:32632",
      "crs_transform": [
        10,
        0,
        300000,
        0,
        -10,
        5000040
      ]
    },
    "B5": {
      "id": "B5",
      "data_type": {
        "type": "PixelType",
        "precision": "float",
        "min": 0,
        "max": 6.553500175476074
      },
      "dimensions": [
        5490,
        5490
      ],
      "crs": "EPSG:32632",
      "crs_transform": [
        20,
        0,
        300000,
        0,
        -20,
        5000040
      ]
    },
    "B6": {
      "id": "B6",
      "data_type": {
        "type": "PixelType",
        "precision": "float",
        "min": 0,
        "max": 6.553500175476074
      },
      "dimensions": [
        5490,
        5490
      ],
      "crs": "EPSG:32632",
      "crs_transform": [
        20,
        0,
        300000,
        0,
        -20,
        5000040
      ]
    },
    "B7": {
      "id": "B7",
      "data_type": {
        "type": "PixelType",
        "precision": "float",
        "min": 0,
        "max": 6.553500175476074
      },
      "dimensions": [
        5490,
        5490
      ],
      "crs": "EPSG:32632",
      "crs_transform": [
        20,
        0,
        300000,
        0,
        -20,
        5000040
      ]
    },
    "B8": {
      "id": "B8",
      "data_type": {
        "type": "PixelType",
        "precision": "float",
        "min": 0,
        "max": 6.553500175476074
      },
      "dimensions": [
        10980,
        10980
      ],
      "crs": "EPSG:32632",
      "crs_transform": [
        10,
        0,
        300000,
        0,
        -10,
        5000040
      ]
    },
    "B8A": {
      "id": "B8A",
      "data_type": {
        "type": "PixelType",
        "precision": "float",
        "min": 0,
        "max": 6.553500175476074
      },
      "dimensions": [
        5490,
        5490
      ],
      "crs": "EPSG:32632",
      "crs_transform": [
        20,
        0,
        300000,
        0,
        -20,
        5000040
      ]
    },
    "B9": {
      "id": "B9",
      "data_type": {
        "type": "PixelType",
        "precision": "float",
        "min": 0,
        "max": 6.553500175476074
      },
      "dimensions": [
        1830,
        1830
      ],
      "crs": "EPSG:32632",
      "crs_transform": [
        60,
        0,
        300000,
        0,
        -60,
        5000040
      ]
    },
    "B11": {
      "id": "B11",
      "data_type": {
        "type": "PixelType",
        "precision": "float",
        "min": 0,
        "max": 6.553500175476074
      },
      "dimensions": [
        5490,
        5490
      ],
      "crs": "EPSG:32632",
      "crs_transform": [
        20,
        0,
        300000,
        0,
        -20,
        5000040
      ]
    },
    "B12": {
      "id": "B12",
      "data_type": {
        "type": "PixelType",
        "precision": "float",
        "min": 0,
        "max": 6.553500175476074
      },
      "dimensions": [
        5490,
        5490
      ],
      "crs": "EPSG:32632",
      "crs_transform": [
        20,
        0,
        300000,
        0,
        -20,
        5000040
      ]
    },
    "AOT": {
      "id": "AOT",
      "data_type": {
        "type": "PixelType",
        "precision": "float",
        "min": 0,
        "max": 6.553500175476074
      },
      "dimensions": [
        10980,
        10980
      ],
      "crs": "EPSG:32632",
      "crs_transform": [
        10,
        0,
        300000,
        0,
        -10,
        5000040
      ]
    },
    "WVP": {
      "id": "WVP",
      "data_type": {
        "type": "PixelType",
        "precision": "float",
        "min": 0,
        "max": 6.553500175476074
      },
      "dimensions": [
        10980,
        10980
      ],
      "crs": "EPSG:32632",
      "crs_transform": [
        10,
        0,
        300000,
        0,
        -10,
        5000040
      ]
    },
    "SCL": {
      "id": "SCL",
      "data_type": {
        "type": "PixelType",
        "precision": "float",
        "min": 0,
        "max": 0.02550000138580799
      },
      "dimensions": [
        5490,
        5490
      ],
      "crs": "EPSG:32632",
      "crs_transform": [
        20,
        0,
        300000,
        0,
        -20,
        5000040
      ]
    },
    "TCI_R": {
      "id": "TCI_R",
      "data_type": {
        "type": "PixelType",
        "precision": "float",
        "min": 0,
        "max": 0.02550000138580799
      },
      "dimensions": [
        10980,
        10980
      ],
      "crs": "EPSG:32632",
      "crs_transform": [
        10,
        0,
        300000,
        0,
        -10,
        5000040
      ]
    },
    "TCI_G": {
      "id": "TCI_G",
      "data_type": {
        "type": "PixelType",
        "precision": "float",
        "min": 0,
        "max": 0.02550000138580799
      },
      "dimensions": [
        10980,
        10980
      ],
      "crs": "EPSG:32632",
      "crs_transform": [
        10,
        0,
        300000,
        0,
        -10,
        5000040
      ]
    },
    "TCI_B": {
      "id": "TCI_B",
      "data_type": {
        "type": "PixelType",
        "precision": "float",
        "min": 0,
        "max": 0.02550000138580799
      },
      "dimensions": [
        10980,
        10980
      ],
      "crs": "EPSG:32632",
      "crs_transform": [
        10,
        0,
        300000,
        0,
        -10,
        5000040
      ]
    },
    "MSK_CLDPRB": {
      "id": "MSK_CLDPRB",
      "data_type": {
        "type": "PixelType",
        "precision": "float",
        "min": 0,
        "max": 0.02550000138580799
      },
      "dimensions": [
        5490,
        5490
      ],
      "crs": "EPSG:32632",
      "crs_transform": [
        20,
        0,
        300000,
        0,
        -20,
        5000040
      ]
    },
    "MSK_SNWPRB": {
      "id": "MSK_SNWPRB",
      "data_type": {
        "type": "PixelType",
        "precision": "float",
        "min": 0,
        "max": 0.02550000138580799
      },
      "dimensions": [
        5490,
        5490
      ],
      "crs": "EPSG:32632",
      "crs_transform": [
        20,
        0,
        300000,
        0,
        -20,
        5000040
      ]
    },
    "QA10": {
      "id": "QA10",
      "data_type": {
        "type": "PixelType",
        "precision": "float",
        "min": 0,
        "max": 6.553500175476074
      },
      "crs": "EPSG:4326",
      "crs_transform": [
        1,
        0,
        0,
        0,
        1,
        0
      ]
    },
    "QA20": {
      "id": "QA20",
      "data_type": {
        "type": "PixelType",
        "precision": "float",
        "min": 0,
        "max": 429496.75
      },
      "crs": "EPSG:4326",
      "crs_transform": [
        1,
        0,
        0,
        0,
        1,
        0
      ]
    },
    "QA60": {
      "id": "QA60",
      "data_type": {
        "type": "PixelType",
        "precision": "float",
        "min": 0,
        "max": 6.553500175476074
      },
      "dimensions": [
        1830,
        1830
      ],
      "crs": "EPSG:32632",
      "crs_transform": [
        60,
        0,
        300000,
        0,
        -60,
        5000040
      ]
    },
    "MSK_CLASSI_OPAQUE": {
      "id": "MSK_CLASSI_OPAQUE",
      "data_type": {
        "type": "PixelType",
        "precision": "float",
        "min": 0,
        "max": 0.02550000138580799
      },
      "dimensions": [
        1830,
        1830
      ],
      "crs": "EPSG:32632",
      "crs_transform": [
        60,
        0,
        300000,
        0,
        -60,
        5000040
      ]
    },
    "MSK_CLASSI_CIRRUS": {
      "id": "MSK_CLASSI_CIRRUS",
      "data_type": {
        "type": "PixelType",
        "precision": "float",
        "min": 0,
        "max": 0.02550000138580799
      },
      "dimensions": [
        1830,
        1830
      ],
      "crs": "EPSG:32632",
      "crs_transform": [
        60,
        0,
        300000,
        0,
        -60,
        5000040
      ]
    },
    "MSK_CLASSI_SNOW_ICE": {
      "id": "MSK_CLASSI_SNOW_ICE",
      "data_type": {
        "type": "PixelType",
        "precision": "float",
        "min": 0,
        "max": 0.02550000138580799
      },
      "dimensions": [
        1830,
        1830
      ],
      "crs": "EPSG:32632",
      "crs_transform": [
        60,
        0,
        300000,
        0,
        -60,
        5000040
      ]
    },
    "NDVI": {
      "id": "NDVI",
      "data_type": {
        "type": "PixelType",
        "precision": "float",
        "min": -1,
        "max": 1
      },
      "dimensions": [
        10980,
        10980
      ],
      "crs": "EPSG:32632",
      "crs_transform": [
        10,
        0,
        300000,
        0,
        -10,
        5000040
      ]
    }
  },
  "system:band_names_merged": [
    "B1",
    "B2",
    "B3",
    "B4",
    "B5",
    "B6",
    "B7",
    "B8",
    "B8A",
    "B9",
    "B11",
    "B12",
    "AOT",
    "WVP",
    "SCL",
    "TCI_R",
    "TCI_G",
    "TCI_B",
    "MSK_CLDPRB",
    "MSK_SNWPRB",
    "QA10",
    "QA20",
    "QA60",
    "MSK_CLASSI_OPAQUE",
    "MSK_CLASSI_CIRRUS",
    "MSK_CLASSI_SNOW_ICE",
    "NDVI"
  ],
  "_conflicts": {
    "/system:bands": {
      "kept_from_full": [
        {
          "id": "B1",
          "data_type": {
            "type": "PixelType",
            "precision": "float",
            "min": 0,
            "max": 6.553500175476074
          },
          "dimensions": [
            1830,
            1830
          ],
          "crs": "EPSG:32632",
          "crs_transform": [
            60,
            0,
            300000,
            0,
            -60,
            5000040
          ]
        },
        {
          "id": "B2",
          "data_type": {
            "type": "PixelType",
            "precision": "float",
            "min": 0,
            "max": 6.553500175476074
          },
          "dimensions": [
            10980,
            10980
          ],
          "crs": "EPSG:32632",
          "crs_transform": [
            10,
            0,
            300000,
            0,
            -10,
            5000040
          ]
        },
        {
          "id": "B3",
          "data_type": {
            "type": "PixelType",
            "precision": "float",
            "min": 0,
            "max": 6.553500175476074
          },
          "dimensions": [
            10980,
            10980
          ],
          "crs": "EPSG:32632",
          "crs_transform": [
            10,
            0,
            300000,
            0,
            -10,
            5000040
          ]
        },
        {
          "id": "B4",
          "data_type": {
            "type": "PixelType",
            "precision": "float",
            "min": 0,
            "max": 6.553500175476074
          },
          "dimensions": [
            10980,
            10980
          ],
          "crs": "EPSG:32632",
          "crs_transform": [
            10,
            0,
            300000,
            0,
            -10,
            5000040
          ]
        },
        {
          "id": "B5",
          "data_type": {
            "type": "PixelType",
            "precision": "float",
            "min": 0,
            "max": 6.553500175476074
          },
          "dimensions": [
            5490,
            5490
          ],
          "crs": "EPSG:32632",
          "crs_transform": [
            20,
            0,
            300000,
            0,
            -20,
            5000040
          ]
        },
        {
          "id": "B6",
          "data_type": {
            "type": "PixelType",
            "precision": "float",
            "min": 0,
            "max": 6.553500175476074
          },
          "dimensions": [
            5490,
            5490
          ],
          "crs": "EPSG:32632",
          "crs_transform": [
            20,
            0,
            300000,
            0,
            -20,
            5000040
          ]
        },
        {
          "id": "B7",
          "data_type": {
            "type": "PixelType",
            "precision": "float",
            "min": 0,
            "max": 6.553500175476074
          },
          "dimensions": [
            5490,
            5490
          ],
          "crs": "EPSG:32632",
          "crs_transform": [
            20,
            0,
            300000,
            0,
            -20,
            5000040
          ]
        },
        {
          "id": "B8",
          "data_type": {
            "type": "PixelType",
            "precision": "float",
            "min": 0,
            "max": 6.553500175476074
          },
          "dimensions": [
            10980,
            10980
          ],
          "crs": "EPSG:32632",
          "crs_transform": [
            10,
            0,
            300000,
            0,
            -10,
            5000040
          ]
        },
        {
          "id": "B8A",
          "data_type": {
            "type": "PixelType",
            "precision": "float",
            "min": 0,
            "max": 6.553500175476074
          },
          "dimensions": [
            5490,
            5490
          ],
          "crs": "EPSG:32632",
          "crs_transform": [
            20,
            0,
            300000,
            0,
            -20,
            5000040
          ]
        },
        {
          "id": "B9",
          "data_type": {
            "type": "PixelType",
            "precision": "float",
            "min": 0,
            "max": 6.553500175476074
          },
          "dimensions": [
            1830,
            1830
          ],
          "crs": "EPSG:32632",
          "crs_transform": [
            60,
            0,
            300000,
            0,
            -60,
            5000040
          ]
        },
        {
          "id": "B11",
          "data_type": {
            "type": "PixelType",
            "precision": "float",
            "min": 0,
            "max": 6.553500175476074
          },
          "dimensions": [
            5490,
            5490
          ],
          "crs": "EPSG:32632",
          "crs_transform": [
            20,
            0,
            300000,
            0,
            -20,
            5000040
          ]
        },
        {
          "id": "B12",
          "data_type": {
            "type": "PixelType",
            "precision": "float",
            "min": 0,
            "max": 6.553500175476074
          },
          "dimensions": [
            5490,
            5490
          ],
          "crs": "EPSG:32632",
          "crs_transform": [
            20,
            0,
            300000,
            0,
            -20,
            5000040
          ]
        },
        {
          "id": "AOT",
          "data_type": {
            "type": "PixelType",
            "precision": "float",
            "min": 0,
            "max": 6.553500175476074
          },
          "dimensions": [
            10980,
            10980
          ],
          "crs": "EPSG:32632",
          "crs_transform": [
            10,
            0,
            300000,
            0,
            -10,
            5000040
          ]
        },
        {
          "id": "WVP",
          "data_type": {
            "type": "PixelType",
            "precision": "float",
            "min": 0,
            "max": 6.553500175476074
          },
          "dimensions": [
            10980,
            10980
          ],
          "crs": "EPSG:32632",
          "crs_transform": [
            10,
            0,
            300000,
            0,
            -10,
            5000040
          ]
        },
        {
          "id": "SCL",
          "data_type": {
            "type": "PixelType",
            "precision": "float",
            "min": 0,
            "max": 0.02550000138580799
          },
          "dimensions": [
            5490,
            5490
          ],
          "crs": "EPSG:32632",
          "crs_transform": [
            20,
            0,
            300000,
            0,
            -20,
            5000040
          ]
        },
        {
          "id": "TCI_R",
          "data_type": {
            "type": "PixelType",
            "precision": "float",
            "min": 0,
            "max": 0.02550000138580799
          },
          "dimensions": [
            10980,
            10980
          ],
          "crs": "EPSG:32632",
          "crs_transform": [
            10,
            0,
            300000,
            0,
            -10,
            5000040
          ]
        },
        {
          "id": "TCI_G",
          "data_type": {
            "type": "PixelType",
            "precision": "float",
            "min": 0,
            "max": 0.02550000138580799
          },
          "dimensions": [
            10980,
            10980
          ],
          "crs": "EPSG:32632",
          "crs_transform": [
            10,
            0,
            300000,
            0,
            -10,
            5000040
          ]
        },
        {
          "id": "TCI_B",
          "data_type": {
            "type": "PixelType",
            "precision": "float",
            "min": 0,
            "max": 0.02550000138580799
          },
          "dimensions": [
            10980,
            10980
          ],
          "crs": "EPSG:32632",
          "crs_transform": [
            10,
            0,
            300000,
            0,
            -10,
            5000040
          ]
        },
        {
          "id": "MSK_CLDPRB",
          "data_type": {
            "type": "PixelType",
            "precision": "float",
            "min": 0,
            "max": 0.02550000138580799
          },
          "dimensions": [
            5490,
            5490
          ],
          "crs": "EPSG:32632",
          "crs_transform": [
            20,
            0,
            300000,
            0,
            -20,
            5000040
          ]
        },
        {
          "id": "MSK_SNWPRB",
          "data_type": {
            "type": "PixelType",
            "precision": "float",
            "min": 0,
            "max": 0.02550000138580799
          },
          "dimensions": [
            5490,
            5490
          ],
          "crs": "EPSG:32632",
          "crs_transform": [
            20,
            0,
            300000,
            0,
            -20,
            5000040
          ]
        },
        {
          "id": "QA10",
          "data_type": {
            "type": "PixelType",
            "precision": "float",
            "min": 0,
            "max": 6.553500175476074
          },
          "crs": "EPSG:4326",
          "crs_transform": [
            1,
            0,
            0,
            0,
            1,
            0
          ]
        },
        {
          "id": "QA20",
          "data_type": {
            "type": "PixelType",
            "precision": "float",
            "min": 0,
            "max": 429496.75
          },
          "crs": "EPSG:4326",
          "crs_transform": [
            1,
            0,
            0,
            0,
            1,
            0
          ]
        },
        {
          "id": "QA60",
          "data_type": {
            "type": "PixelType",
            "precision": "float",
            "min": 0,
            "max": 6.553500175476074
          },
          "dimensions": [
            1830,
            1830
          ],
          "crs": "EPSG:32632",
          "crs_transform": [
            60,
            0,
            300000,
            0,
            -60,
            5000040
          ]
        },
        {
          "id": "MSK_CLASSI_OPAQUE",
          "data_type": {
            "type": "PixelType",
            "precision": "float",
            "min": 0,
            "max": 0.02550000138580799
          },
          "dimensions": [
            1830,
            1830
          ],
          "crs": "EPSG:32632",
          "crs_transform": [
            60,
            0,
            300000,
            0,
            -60,
            5000040
          ]
        },
        {
          "id": "MSK_CLASSI_CIRRUS",
          "data_type": {
            "type": "PixelType",
            "precision": "float",
            "min": 0,
            "max": 0.02550000138580799
          },
          "dimensions": [
            1830,
            1830
          ],
          "crs": "EPSG:32632",
          "crs_transform": [
            60,
            0,
            300000,
            0,
            -60,
            5000040
          ]
        },
        {
          "id": "MSK_CLASSI_SNOW_ICE",
          "data_type": {
            "type": "PixelType",
            "precision": "float",
            "min": 0,
            "max": 0.02550000138580799
          },
          "dimensions": [
            1830,
            1830
          ],
          "crs": "EPSG:32632",
          "crs_transform": [
            60,
            0,
            300000,
            0,
            -60,
            5000040
          ]
        },
        {
          "id": "NDVI",
          "data_type": {
            "type": "PixelType",
            "precision": "float",
            "min": -1,
            "max": 1
          },
          "dimensions": [
            10980,
            10980
          ],
          "crs": "EPSG:32632",
          "crs_transform": [
            10,
            0,
            300000,
            0,
            -10,
            5000040
          ]
        }
      ],
      "other_from_raw": {
        "TCI_B": {
          "data_type": {
            "type": "PixelType",
            "precision": "int",
            "min": 0,
            "max": 255
          },
          "dimensions": [
            10980,
            10980
          ],
          "crs": "EPSG:32632",
          "crs_transform": [
            10,
            0,
            300000,
            0,
            -10,
            5000040
          ]
        },
        "QA10": {
          "data_type": {
            "type": "PixelType",
            "precision": "int",
            "min": 0,
            "max": 65535
          },
          "crs": "EPSG:4326",
          "crs_transform": [
            1,
            0,
            0,
            0,
            1,
            0
          ]
        },
        "B8A": {
          "data_type": {
            "type": "PixelType",
            "precision": "int",
            "min": 0,
            "max": 65535
          },
          "dimensions": [
            5490,
            5490
          ],
          "crs": "EPSG:32632",
          "crs_transform": [
            20,
            0,
            300000,
            0,
            -20,
            5000040
          ]
        },
        "MSK_CLASSI_CIRRUS": {
          "data_type": {
            "type": "PixelType",
            "precision": "int",
            "min": 0,
            "max": 255
          },
          "dimensions": [
            1830,
            1830
          ],
          "crs": "EPSG:32632",
          "crs_transform": [
            60,
            0,
            300000,
            0,
            -60,
            5000040
          ]
        },
        "WVP": {
          "data_type": {
            "type": "PixelType",
            "precision": "int",
            "min": 0,
            "max": 65535
          },
          "dimensions": [
            10980,
            10980
          ],
          "crs": "EPSG:32632",
          "crs_transform": [
            10,
            0,
            300000,
            0,
            -10,
            5000040
          ]
        },
        "MSK_CLASSI_OPAQUE": {
          "data_type": {
            "type": "PixelType",
            "precision": "int",
            "min": 0,
            "max": 255
          },
          "dimensions": [
            1830,
            1830
          ],
          "crs": "EPSG:32632",
          "crs_transform": [
            60,
            0,
            300000,
            0,
            -60,
            5000040
          ]
        },
        "MSK_CLASSI_SNOW_ICE": {
          "data_type": {
            "type": "PixelType",
            "precision": "int",
            "min": 0,
            "max": 255
          },
          "dimensions": [
            1830,
            1830
          ],
          "crs": "EPSG:32632",
          "crs_transform": [
            60,
            0,
            300000,
            0,
            -60,
            5000040
          ]
        },
        "B11": {
          "data_type": {
            "type": "PixelType",
            "precision": "int",
            "min": 0,
            "max": 65535
          },
          "dimensions": [
            5490,
            5490
          ],
          "crs": "EPSG:32632",
          "crs_transform": [
            20,
            0,
            300000,
            0,
            -20,
            5000040
          ]
        },
        "B12": {
          "data_type": {
            "type": "PixelType",
            "precision": "int",
            "min": 0,
            "max": 65535
          },
          "dimensions": [
            5490,
            5490
          ],
          "crs": "EPSG:32632",
          "crs_transform": [
            20,
            0,
            300000,
            0,
            -20,
            5000040
          ]
        },
        "AOT": {
          "data_type": {
            "type": "PixelType",
            "precision": "int",
            "min": 0,
            "max": 65535
          },
          "dimensions": [
            10980,
            10980
          ],
          "crs": "EPSG:32632",
          "crs_transform": [
            10,
            0,
            300000,
            0,
            -10,
            5000040
          ]
        },
        "QA20": {
          "data_type": {
            "type": "PixelType",
            "precision": "int",
            "min": 0,
            "max": 4294967295
          },
          "crs": "EPSG:4326",
          "crs_transform": [
            1,
            0,
            0,
            0,
            1,
            0
          ]
        },
        "MSK_CLDPRB": {
          "data_type": {
            "type": "PixelType",
            "precision": "int",
            "min": 0,
            "max": 255
          },
          "dimensions": [
            5490,
            5490
          ],
          "crs": "EPSG:32632",
          "crs_transform": [
            20,
            0,
            300000,
            0,
            -20,
            5000040
          ]
        },
        "B1": {
          "data_type": {
            "type": "PixelType",
            "precision": "int",
            "min": 0,
            "max": 65535
          },
          "dimensions": [
            1830,
            1830
          ],
          "crs": "EPSG:32632",
          "crs_transform": [
            60,
            0,
            300000,
            0,
            -60,
            5000040
          ]
        },
        "QA60": {
          "data_type": {
            "type": "PixelType",
            "precision": "int",
            "min": 0,
            "max": 65535
          },
          "dimensions": [
            1830,
            1830
          ],
          "crs": "EPSG:32632",
          "crs_transform": [
            60,
            0,
            300000,
            0,
            -60,
            5000040
          ]
        },
        "B2": {
          "data_type": {
            "type": "PixelType",
            "precision": "int",
            "min": 0,
            "max": 65535
          },
          "dimensions": [
            10980,
            10980
          ],
          "crs": "EPSG:32632",
          "crs_transform": [
            10,
            0,
            300000,
            0,
            -10,
            5000040
          ]
        },
        "B3": {
          "data_type": {
            "type": "PixelType",
            "precision": "int",
            "min": 0,
            "max": 65535
          },
          "dimensions": [
            10980,
            10980
          ],
          "crs": "EPSG:32632",
          "crs_transform": [
            10,
            0,
            300000,
            0,
            -10,
            5000040
          ]
        },
        "B4": {
          "data_type": {
            "type": "PixelType",
            "precision": "int",
            "min": 0,
            "max": 65535
          },
          "dimensions": [
            10980,
            10980
          ],
          "crs": "EPSG:32632",
          "crs_transform": [
            10,
            0,
            300000,
            0,
            -10,
            5000040
          ]
        },
        "TCI_R": {
          "data_type": {
            "type": "PixelType",
            "precision": "int",
            "min": 0,
            "max": 255
          },
          "dimensions": [
            10980,
            10980
          ],
          "crs": "EPSG:32632",
          "crs_transform": [
            10,
            0,
            300000,
            0,
            -10,
            5000040
          ]
        },
        "B5": {
          "data_type": {
            "type": "PixelType",
            "precision": "int",
            "min": 0,
            "max": 65535
          },
          "dimensions": [
            5490,
            5490
          ],
          "crs": "EPSG:32632",
          "crs_transform": [
            20,
            0,
            300000,
            0,
            -20,
            5000040
          ]
        },
        "B6": {
          "data_type": {
            "type": "PixelType",
            "precision": "int",
            "min": 0,
            "max": 65535
          },
          "dimensions": [
            5490,
            5490
          ],
          "crs": "EPSG:32632",
          "crs_transform": [
            20,
            0,
            300000,
            0,
            -20,
            5000040
          ]
        },
        "B7": {
          "data_type": {
            "type": "PixelType",
            "precision": "int",
            "min": 0,
            "max": 65535
          },
          "dimensions": [
            5490,
            5490
          ],
          "crs": "EPSG:32632",
          "crs_transform": [
            20,
            0,
            300000,
            0,
            -20,
            5000040
          ]
        },
        "B8": {
          "data_type": {
            "type": "PixelType",
            "precision": "int",
            "min": 0,
            "max": 65535
          },
          "dimensions": [
            10980,
            10980
          ],
          "crs": "EPSG:32632",
          "crs_transform": [
            10,
            0,
            300000,
            0,
            -10,
            5000040
          ]
        },
        "B9": {
          "data_type": {
            "type": "PixelType",
            "precision": "int",
            "min": 0,
            "max": 65535
          },
          "dimensions": [
            1830,
            1830
          ],
          "crs": "EPSG:32632",
          "crs_transform": [
            60,
            0,
            300000,
            0,
            -60,
            5000040
          ]
        },
        "MSK_SNWPRB": {
          "data_type": {
            "type": "PixelType",
            "precision": "int",
            "min": 0,
            "max": 255
          },
          "dimensions": [
            5490,
            5490
          ],
          "crs": "EPSG:32632",
          "crs_transform": [
            20,
            0,
            300000,
            0,
            -20,
            5000040
          ]
        },
        "SCL": {
          "data_type": {
            "type": "PixelType",
            "precision": "int",
            "min": 0,
            "max": 255
          },
          "dimensions": [
            5490,
            5490
          ],
          "crs": "EPSG:32632",
          "crs_transform": [
            20,
            0,
            300000,
            0,
            -20,
            5000040
          ]
        },
        "TCI_G": {
          "data_type": {
            "type": "PixelType",
            "precision": "int",
            "min": 0,
            "max": 255
          },
          "dimensions": [
            10980,
            10980
          ],
          "crs": "EPSG:32632",
          "crs_transform": [
            10,
            0,
            300000,
            0,
            -10,
            5000040
          ]
        }
      }
    },
    "/system:footprint": {
      "kept_from_full": null,
      "other_from_raw": {
        "type": "LinearRing",
        "coordinates": [
          [
            7.852352401155512,
            45.14816005799976
          ],
          [
            7.852336442789298,
            45.148160584029135
          ],
          [
            6.456856516140544,
            45.12560346997038
          ],
          [
            6.456799414685342,
            45.1255656588187
          ],
          [
            6.456736031608012,
            45.12553314537671
          ],
          [
            6.45673267007897,
            45.12551829393776
          ],
          [
            6.478400557374038,
            44.631867831703104
          ],
          [
            6.499518701612243,
            44.13817389826988
          ],
          [
            6.499571340441375,
            44.13813358609077
          ],
          [
            6.499616657057292,
            44.13808885497277
          ],
          [
            6.499637322095778,
            44.13808645133701
          ],
          [
            7.871666920836444,
            44.15988423346738
          ],
          [
            7.871724051616696,
            44.15992132968815
          ],
          [
            7.871787161252779,
            44.15995304423725
          ],
          [
            7.871790731931228,
            44.15996791892537
          ],
          [
            7.862252427301278,
            44.654045911061075
          ],
          [
            7.852465818458169,
            45.14807189364682
          ],
          [
            7.8524131334706055,
            45.148112862287334
          ],
          [
            7.852368138943076,
            45.14815811118991
          ],
          [
            7.852352401155512,
            45.14816005799976
          ]
        ]
      }
    }
  }
}