{
  "MEAN_INCIDENCE_AZIMUTH_ANGLE_B12": 145.952697532033,
  "MEAN_INCIDENCE_AZIMUTH_ANGLE_B9": 145.585468407156,
  "NOT_VEGETATED_PERCENTAGE": 13.922156,
  "MEAN_INCIDENCE_ZENITH_ANGLE_B8A": 3.23065913201721,
  "MEAN_INCIDENCE_AZIMUTH_ANGLE_B11": 146.813025530692,
  "MEAN_INCIDENCE_ZENITH_ANGLE_B10": 2.87998817296866,
  "WATER_VAPOUR_RETRIEVAL_ACCURACY": 0,
  "MEAN_INCIDENCE_AZIMUTH_ANGLE_B8": 150.742806254563,
  "BOA_ADD_OFFSET_B5": -1000,
  "DATASTRIP_ID": "S2C_OPER_MSI_L2A_DS_2CPS_20250606T121513_S20250606T092048_N05.11",
  "GEOMETRIC_QUALITY": "PASSED",
  "BOA_ADD_OFFSET_B11": -1000,
  "SOLAR_IRRADIANCE_B9": 807.65,
  "MEAN_INCIDENCE_ZENITH_ANGLE_B4": 2.91511158418974,
  "DEGRADED_MSI_DATA_PERCENTAGE": 0.0146,
  "MEAN_INCIDENCE_ZENITH_ANGLE_B9": 3.41236212304808,
  "MEAN_INCIDENCE_AZIMUTH_ANGLE_B10": 148.311115363607,
  "BOA_ADD_OFFSET_B7": -1000,
  "THIN_CIRRUS_PERCENTAGE": 2.62534,
  "MEAN_INCIDENCE_AZIMUTH_ANGLE_B5": 147.29305777572,
  "SOLAR_IRRADIANCE_B5": 1410.66,
  "SENSING_ORBIT_DIRECTION": "DESCENDING",
  "MGRS_TILE": "34SEH",
  "MEAN_INCIDENCE_AZIMUTH_ANGLE_B2": 152.212082161194,
  "SOLAR_IRRADIANCE_B3": 1822.48,
  "lon": 22.0803889,
  "SOLAR_IRRADIANCE_B4": 1506.74,
  "imageID": "20250606T092051_20250606T092048_T34SEH",
  "MEAN_INCIDENCE_AZIMUTH_ANGLE_B8A": 146.067958422943,
  "OZONE_VALUE": 319.176338,
  "PRODUCT_ID": "S2C_MSIL2A_20250606T092051_N0511_R093_T34SEH_20250606T121513",
  "MEAN_INCIDENCE_ZENITH_ANGLE_B12": 3.25047689474016,
  "system:index": "20250606T092051_20250606T092048_T34SEH",
  "MEAN_INCIDENCE_AZIMUTH_ANGLE_B1": 145.819589504714,
  "MEAN_INCIDENCE_ZENITH_ANGLE_B3": 2.79620292082623,
  "SOLAR_IRRADIANCE_B6": 1287.62,
  "WATER_PERCENTAGE": 21.418904,
  "CLOUDY_PIXEL_OVER_LAND_PERCENTAGE": 2.40108,
  "GRANULE_ID": "L2A_T34SEH_A003924_20250606T092048",
  "BOA_ADD_OFFSET_B8A": -1000,
  "MEAN_INCIDENCE_ZENITH_ANGLE_B11": 3.05381252487328,
  "system:version": 1761671979569102,
  "SENSING_ORBIT_NUMBER": 93,
  "MEAN_INCIDENCE_AZIMUTH_ANGLE_B6": 146.801547282037,
  "SOLAR_IRRADIANCE_B8": 1037.17,
  "FORMAT_CORRECTNESS": "PASSED",
  "AOT_RETRIEVAL_METHOD": "SEN2COR_DDV",
  "MEAN_INCIDENCE_ZENITH_ANGLE_B6": 3.06543629555422,
  "system:id": "COPERNICUS/S2_SR_HARMONIZED/20250606T092051_20250606T092048_T34SEH",
  "MEDIUM_PROBA_CLOUDS_PERCENTAGE": 0.7194,
  "SOLAR_IRRADIANCE_B7": 1154.97,
  "SOLAR_IRRADIANCE_B1": 1914.61,
  "BOA_ADD_OFFSET_B4": -1000,
  "SOLAR_IRRADIANCE_B12": 86.94,
  "SOLAR_IRRADIANCE_B8A": 957.92,
  "system:time_start": 1749202214693,
  "CLOUDY_PIXEL_PERCENTAGE": 4.276492,
  "MEAN_SOLAR_AZIMUTH_ANGLE": 135.311622138082,
  "BOA_ADD_OFFSET_B8": -1000,
  "MEAN_INCIDENCE_ZENITH_ANGLE_B8": 2.73961015319903,
  "UNCLASSIFIED_PERCENTAGE": 0.17406,
  "OZONE_SOURCE": "AUX_ECMWFT",
  "system:band_names": [
    "B1",
    "B2",
    "B3",
    "B4",
    "B5",
    "B6",
    "B7",
    "B8",
    "B8A",
    "B9",
    "B11",
    "B12",
    "AOT",
    "WVP",
    "SCL",
    "TCI_R",
    "TCI_G",
    "TCI_B",
    "MSK_CLDPRB",
    "MSK_SNWPRB",
    "QA10",
    "QA20",
    "QA60",
    "MSK_CLASSI_OPAQUE",
    "MSK_CLASSI_CIRRUS",
    "MSK_CLASSI_SNOW_ICE"
  ],
  "MEAN_INCIDENCE_AZIMUTH_ANGLE_B3": 149.648735036335,
  "AOT_RETRIEVAL_ACCURACY": 0,
  "SATURATED_DEFECTIVE_PIXEL_PERCENTAGE": 0,
  "CAST_SHADOW_PERCENTAGE": 0.091921,
  "BOA_ADD_OFFSET_B12": -1000,
  "CLOUD_COVERAGE_ASSESSMENT": 4.276492,
  "DATATAKE_IDENTIFIER": "GS2C_20250606T092051_003924_N05.11",
  "SOLAR_IRRADIANCE_B11": 246.31,
  "BOA_ADD_OFFSET_B1": -1000,
  "BOA_ADD_OFFSET_B6": -1000,
  "lat": 38.17075,
  "PROCESSING_BASELINE": "05.11",
  "SNOW_ICE_PERCENTAGE": 0,
  "VEGETATION_PERCENTAGE": 59.439129,
  "MEAN_INCIDENCE_ZENITH_ANGLE_B7": 3.14609023765989,
  "BOA_ADD_OFFSET_B2": -1000,
  "HIGH_PROBA_CLOUDS_PERCENTAGE": 0.931752,
  "RADIATIVE_TRANSFER_ACCURACY": 0,
  "MEAN_INCIDENCE_ZENITH_ANGLE_B5": 2.98887954761491,
  "REFLECTANCE_CONVERSION_CORRECTION": 0.972187882994342,
  "system:bands": [
    {
      "id": "B1",
      "data_type": {
        "type": "PixelType",
        "precision": "float",
        "min": 0,
        "max": 6.553500175476074
      },
      "dimensions": [
        1830,
        1830
      ],
      "crs": "EPSG:32634",
      "crs_transform": [
        60,
        0,
        499980,
        0,
        -60,
        4300020
      ]
    },
    {
      "id": "B2",
      "data_type": {
        "type": "PixelType",
        "precision": "float",
        "min": 0,
        "max": 6.553500175476074
      },
      "dimensions": [
        10980,
        10980
      ],
      "crs": "EPSG:32634",
      "crs_transform": [
        10,
        0,
        499980,
        0,
        -10,
        4300020
      ]
    },
    {
      "id": "B3",
      "data_type": {
        "type": "PixelType",
        "precision": "float",
        "min": 0,
        "max": 6.553500175476074
      },
      "dimensions": [
        10980,
        10980
      ],
      "crs": "EPSG:32634",
      "crs_transform": [
        10,
        0,
        499980,
        0,
        -10,
        4300020
      ]
    },
    {
      "id": "B4",
      "data_type": {
        "type": "PixelType",
        "precision": "float",
        "min": 0,
        "max": 6.553500175476074
      },
      "dimensions": [
        10980,
        10980
      ],
      "crs": "EPSG:32634",
      "crs_transform": [
        10,
        0,
        499980,
        0,
        -10,
        4300020
      ]
    },
    {
      "id": "B5",
      "data_type": {
        "type": "PixelType",
        "precision": "float",
        "min": 0,
        "max": 6.553500175476074
      },
      "dimensions": [
        5490,
        5490
      ],
      "crs": "EPSG:32634",
      "crs_transform": [
        20,
        0,
        499980,
        0,
        -20,
        4300020
      ]
    },
    {
      "id": "B6",
      "data_type": {
        "type": "PixelType",
        "precision": "float",
        "min": 0,
        "max": 6.553500175476074
      },
      "dimensions": [
        5490,
        5490
      ],
      "crs": "EPSG:32634",
      "crs_transform": [
        20,
        0,
        499980,
        0,
        -20,
        4300020
      ]
    },
    {
      "id": "B7",
      "data_type": {
        "type": "PixelType",
        "precision": "float",
        "min": 0,
        "max": 6.553500175476074
      },
      "dimensions": [
        5490,
        5490
      ],
      "crs": "EPSG:32634",
      "crs_transform": [
        20,
        0,
        499980,
        0,
        -20,
        4300020
      ]
    },
    {
      "id": "B8",
      "data_type": {
        "type": "PixelType",
        "precision": "float",
        "min": 0,
        "max": 6.553500175476074
      },
      "dimensions": [
        10980,
        10980
      ],
      "crs": "EPSG:32634",
      "crs_transform": [
        10,
        0,
        499980,
        0,
        -10,
        4300020
      ]
    },
    {
      "id": "B8A",
      "data_type": {
        "type": "PixelType",
        "precision": "float",
        "min": 0,
        "max": 6.553500175476074
      },
      "dimensions": [
        5490,
        5490
      ],
      "crs": "EPSG:32634",
      "crs_transform": [
        20,
        0,
        499980,
        0,
        -20,
        4300020
      ]
    },
    {
      "id": "B9",
      "data_type": {
        "type": "PixelType",
        "precision": "float",
        "min": 0,
        "max": 6.553500175476074
      },
      "dimensions": [
        1830,
        1830
      ],
      "crs": "EPSG:32634",
      "crs_transform": [
        60,
        0,
        499980,
        0,
        -60,
        4300020
      ]
    },
    {
      "id": "B11",
      "data_type": {
        "type": "PixelType",
        "precision": "float",
        "min": 0,
        "max": 6.553500175476074
      },
      "dimensions": [
        5490,
        5490
      ],
      "crs": "EPSG:32634",
      "crs_transform": [
        20,
        0,
        499980,
        0,
        -20,
        4300020
      ]
    },
    {
      "id": "B12",
      "data_type": {
        "type": "PixelType",
        "precision": "float",
        "min": 0,
        "max": 6.553500175476074
      },
      "dimensions": [
        5490,
        5490
      ],
      "crs": "EPSG:32634",
      "crs_transform": [
        20,
        0,
        499980,
        0,
        -20,
        4300020
      ]
    },
    {
      "id": "AOT",
      "data_type": {
        "type": "PixelType",
        "precision": "float",
        "min": 0,
        "max": 6.553500175476074
      },
      "dimensions": [
        10980,
        10980
      ],
      "crs": "EPSG:32634",
      "crs_transform": [
        10,
        0,
        499980,
        0,
        -10,
        4300020
      ]
    },
    {
      "id": "WVP",
      "data_type": {
        "type": "PixelType",
        "precision": "float",
        "min": 0,
        "max": 6.553500175476074
      },
      "dimensions": [
        10980,
        10980
      ],
      "crs": "EPSG:32634",
      "crs_transform": [
        10,
        0,
        499980,
        0,
        -10,
        4300020
      ]
    },
    {
      "id": "SCL",
      "data_type": {
        "type": "PixelType",
        "precision": "float",
        "min": 0,
        "max": 0.02550000138580799
      },
      "dimensions": [
        5490,
        5490
      ],
      "crs": "EPSG:32634",
      "crs_transform": [
        20,
        0,
        499980,
        0,
        -20,
        4300020
      ]
    },
    {
      "id": "TCI_R",
      "data_type": {
        "type": "PixelType",
        "precision": "float",
        "min": 0,
        "max": 0.02550000138580799
      },
      "dimensions": [
        10980,
        10980
      ],
      "crs": "EPSG:32634",
      "crs_transform": [
        10,
        0,
        499980,
        0,
        -10,
        4300020
      ]
    },
    {
      "id": "TCI_G",
      "data_type": {
        "type": "PixelType",
        "precision": "float",
        "min": 0,
        "max": 0.02550000138580799
      },
      "dimensions": [
        10980,
        10980
      ],
      "crs": "EPSG:32634",
      "crs_transform": [
        10,
        0,
        499980,
        0,
        -10,
        4300020
      ]
    },
    {
      "id": "TCI_B",
      "data_type": {
        "type": "PixelType",
        "precision": "float",
        "min": 0,
        "max": 0.02550000138580799
      },
      "dimensions": [
        10980,
        10980
      ],
      "crs": "EPSG:32634",
      "crs_transform": [
        10,
        0,
        499980,
        0,
        -10,
        4300020
      ]
    },
    {
      "id": "MSK_CLDPRB",
      "data_type": {
        "type": "PixelType",
        "precision": "float",
        "min": 0,
        "max": 0.02550000138580799
      },
      "dimensions": [
        5490,
        5490
      ],
      "crs": "EPSG:32634",
      "crs_transform": [
        20,
        0,
        499980,
        0,
        -20,
        4300020
      ]
    },
    {
      "id": "MSK_SNWPRB",
      "data_type": {
        "type": "PixelType",
        "precision": "float",
        "min": 0,
        "max": 0.02550000138580799
      },
      "dimensions": [
        5490,
        5490
      ],
      "crs": "EPSG:32634",
      "crs_transform": [
        20,
        0,
        499980,
        0,
        -20,
        4300020
      ]
    },
    {
      "id": "QA10",
      "data_type": {
        "type": "PixelType",
        "precision": "float",
        "min": 0,
        "max": 6.553500175476074
      },
      "crs": "EPSG:4326",
      "crs_transform": [
        1,
        0,
        0,
        0,
        1,
        0
      ]
    },
    {
      "id": "QA20",
      "data_type": {
        "type": "PixelType",
        "precision": "float",
        "min": 0,
        "max": 429496.75
      },
      "crs": "EPSG:4326",
      "crs_transform": [
        1,
        0,
        0,
        0,
        1,
        0
      ]
    },
    {
      "id": "QA60",
      "data_type": {
        "type": "PixelType",
        "precision": "float",
        "min": 0,
        "max": 6.553500175476074
      },
      "dimensions": [
        1830,
        1830
      ],
      "crs": "EPSG:32634",
      "crs_transform": [
        60,
        0,
        499980,
        0,
        -60,
        4300020
      ]
    },
    {
      "id": "MSK_CLASSI_OPAQUE",
      "data_type": {
        "type": "PixelType",
        "precision": "float",
        "min": 0,
        "max": 0.02550000138580799
      },
      "dimensions": [
        1830,
        1830
      ],
      "crs": "EPSG:32634",
      "crs_transform": [
        60,
        0,
        499980,
        0,
        -60,
        4300020
      ]
    },
    {
      "id": "MSK_CLASSI_CIRRUS",
      "data_type": {
        "type": "PixelType",
        "precision": "float",
        "min": 0,
        "max": 0.02550000138580799
      },
      "dimensions": [
        1830,
        1830
      ],
      "crs": "EPSG:32634",
      "crs_transform": [
        60,
        0,
        499980,
        0,
        -60,
        4300020
      ]
    },
    {
      "id": "MSK_CLASSI_SNOW_ICE",
      "data_type": {
        "type": "PixelType",
        "precision": "float",
        "min": 0,
        "max": 0.02550000138580799
      },
      "dimensions": [
        1830,
        1830
      ],
      "crs": "EPSG:32634",
      "crs_transform": [
        60,
        0,
        499980,
        0,
        -60,
        4300020
      ]
    },
    {
      "id": "NDVI",
      "data_type": {
        "type": "PixelType",
        "precision": "float",
        "min": -1,
        "max": 1
      },
      "dimensions": [
        10980,
        10980
      ],
      "crs": "EPSG:32634",
      "crs_transform": [
        10,
        0,
        499980,
        0,
        -10,
        4300020
      ]
    }
  ],
  "GRANULE_MEAN_AOT": 0.307473,
  "GRANULE_MEAN_WV": 1.883916,
  "DATATAKE_TYPE": "INS-NOBS",
  "L2A_QUALITY": "PASSED",
  "system:footprint": null,
  "GENERATION_TIME": 1749212113000,
  "BOA_ADD_OFFSET_B10": -1000,
  "BOA_ADD_OFFSET_B9": -1000,
  "RADIOMETRIC_QUALITY": "PASSED",
  "CLOUD_SHADOW_PERCENTAGE": 0.677337,
  "MEAN_INCIDENCE_AZIMUTH_ANGLE_B4": 148.179604498138,
  "SOLAR_IRRADIANCE_B10": 367.88,
  "MEAN_INCIDENCE_ZENITH_ANGLE_B2": 2.68392642721626,
  "MEAN_SOLAR_ZENITH_ANGLE": 20.5094860042571,
  "GENERAL_QUALITY": "PASSED",
  "system:asset_size": 1706833297,
  "MEAN_INCIDENCE_AZIMUTH_ANGLE_B7": 146.405190470383,
  "SOLAR_IRRADIANCE_B2": 1972.03,
  "MEAN_INCIDENCE_ZENITH_ANGLE_B1": 3.31916581201347,
  "NODATA_PIXEL_PERCENTAGE": 0,
  "system:time_end": 1749202214693,
  "BOA_ADD_OFFSET_B3": -1000,
  "properties": {
    "system:footprint": {
      "type": "LinearRing",
      "coordinates": [
        [
          20.999654898378186,
          38.849009758091505
        ],
        [
          20.999653988789895,
          38.84899848151668
        ],
        [
          20.999658627690184,
          37.859622208908476
        ],
        [
          20.999705016693753,
          37.859580747713416
        ],
        [
          20.999744401868323,
          37.859535013781475
        ],
        [
          20.999763048429333,
          37.8595322424747
        ],
        [
          22.24763965341787,
          37.85292215359693
        ],
        [
          22.24769277344505,
          37.85295814233032
        ],
        [
          22.24775116908955,
          37.85298861849882
        ],
        [
          22.24775498936529,
          37.85300341834264
        ],
        [
          22.256195413868717,
          38.34760218087819
        ],
        [
          22.26484527456636,
          38.84214989355032
        ],
        [
          22.264799067867322,
          38.84219192191413
        ],
        [
          22.264759955896718,
          38.84223799586966
        ],
        [
          22.264740945659522,
          38.84224103885822
        ],
        [
          20.999769506506603,
          38.84908846708624
        ],
        [
          20.99971629558892,
          38.84905189368263
        ],
        [
          20.99965762714306,
          38.849020769843705
        ],
        [
          20.999654898378186,
          38.849009758091505
        ]
      ]
    },
    "system:index": "20250606T092051_20250606T092048_T34SEH",
    "system:bands": {
      "TCI_B": {
        "data_type": {
          "type": "PixelType",
          "precision": "float",
          "min": 0,
          "max": 0.02550000138580799
        },
        "dimensions": [
          10980,
          10980
        ],
        "crs": "EPSG:32634",
        "crs_transform": [
          10,
          0,
          499980,
          0,
          -10,
          4300020
        ]
      },
      "QA10": {
        "data_type": {
          "type": "PixelType",
          "precision": "float",
          "min": 0,
          "max": 6.553500175476074
        },
        "crs": "EPSG:4326",
        "crs_transform": [
          1,
          0,
          0,
          0,
          1,
          0
        ]
      },
      "B8A": {
        "data_type": {
          "type": "PixelType",
          "precision": "float",
          "min": 0,
          "max": 6.553500175476074
        },
        "dimensions": [
          5490,
          5490
        ],
        "crs": "EPSG:32634",
        "crs_transform": [
          20,
          0,
          499980,
          0,
          -20,
          4300020
        ]
      },
      "NDVI": {
        "data_type": {
          "type": "PixelType",
          "precision": "float",
          "min": -1,
          "max": 1
        },
        "dimensions": [
          10980,
          10980
        ],
        "crs": "EPSG:32634",
        "crs_transform": [
          10,
          0,
          499980,
          0,
          -10,
          4300020
        ]
      },
      "MSK_CLASSI_CIRRUS": {
        "data_type": {
          "type": "PixelType",
          "precision": "float",
          "min": 0,
          "max": 0.02550000138580799
        },
        "dimensions": [
          1830,
          1830
        ],
        "crs": "EPSG:32634",
        "crs_transform": [
          60,
          0,
          499980,
          0,
          -60,
          4300020
        ]
      },
      "WVP": {
        "data_type": {
          "type": "PixelType",
          "precision": "float",
          "min": 0,
          "max": 6.553500175476074
        },
        "dimensions": [
          10980,
          10980
        ],
        "crs": "EPSG:32634",
        "crs_transform": [
          10,
          0,
          499980,
          0,
          -10,
          4300020
        ]
      },
      "MSK_CLASSI_OPAQUE": {
        "data_type": {
          "type": "PixelType",
          "precision": "float",
          "min": 0,
          "max": 0.02550000138580799
        },
        "dimensions": [
          1830,
          1830
        ],
        "crs": "EPSG:32634",
        "crs_transform": [
          60,
          0,
          499980,
          0,
          -60,
          4300020
        ]
      },
      "MSK_CLASSI_SNOW_ICE": {
        "data_type": {
          "type": "PixelType",
          "precision": "float",
          "min": 0,
          "max": 0.02550000138580799
        },
        "dimensions": [
          1830,
          1830
        ],
        "crs": "EPSG:32634",
        "crs_transform": [
          60,
          0,
          499980,
          0,
          -60,
          4300020
        ]
      },
      "B11": {
        "data_type": {
          "type": "PixelType",
          "precision": "float",
          "min": 0,
          "max": 6.553500175476074
        },
        "dimensions": [
          5490,
          5490
        ],
        "crs": "EPSG:32634",
        "crs_transform": [
          20,
          0,
          499980,
          0,
          -20,
          4300020
        ]
      },
      "B12": {
        "data_type": {
          "type": "PixelType",
          "precision": "float",
          "min": 0,
          "max": 6.553500175476074
        },
        "dimensions": [
          5490,
          5490
        ],
        "crs": "EPSG:32634",
        "crs_transform": [
          20,
          0,
          499980,
          0,
          -20,
          4300020
        ]
      },
      "AOT": {
        "data_type": {
          "type": "PixelType",
          "precision": "float",
          "min": 0,
          "max": 6.553500175476074
        },
        "dimensions": [
          10980,
          10980
        ],
        "crs": "EPSG:32634",
        "crs_transform": [
          10,
          0,
          499980,
          0,
          -10,
          4300020
        ]
      },
      "QA20": {
        "data_type": {
          "type": "PixelType",
          "precision": "float",
          "min": 0,
          "max": 429496.75
        },
        "crs": "EPSG:4326",
        "crs_transform": [
          1,
          0,
          0,
          0,
          1,
          0
        ]
      },
      "MSK_CLDPRB": {
        "data_type": {
          "type": "PixelType",
          "precision": "float",
          "min": 0,
          "max": 0.02550000138580799
        },
        "dimensions": [
          5490,
          5490
        ],
        "crs": "EPSG:32634",
        "crs_transform": [
          20,
          0,
          499980,
          0,
          -20,
          4300020
        ]
      },
      "B1": {
        "data_type": {
          "type": "PixelType",
          "precision": "float",
          "min": 0,
          "max": 6.553500175476074
        },
        "dimensions": [
          1830,
          1830
        ],
        "crs": "EPSG:32634",
        "crs_transform": [
          60,
          0,
          499980,
          0,
          -60,
          4300020
        ]
      },
      "QA60": {
        "data_type": {
          "type": "PixelType",
          "precision": "float",
          "min": 0,
          "max": 6.553500175476074
        },
        "dimensions": [
          1830,
          1830
        ],
        "crs": "EPSG:32634",
        "crs_transform": [
          60,
          0,
          499980,
          0,
          -60,
          4300020
        ]
      },
      "B2": {
        "data_type": {
          "type": "PixelType",
          "precision": "float",
          "min": 0,
          "max": 6.553500175476074
        },
        "dimensions": [
          10980,
          10980
        ],
        "crs": "EPSG:32634",
        "crs_transform": [
          10,
          0,
          499980,
          0,
          -10,
          4300020
        ]
      },
      "B3": {
        "data_type": {
          "type": "PixelType",
          "precision": "float",
          "min": 0,
          "max": 6.553500175476074
        },
        "dimensions": [
          10980,
          10980
        ],
        "crs": "EPSG:32634",
        "crs_transform": [
          10,
          0,
          499980,
          0,
          -10,
          4300020
        ]
      },
      "B4": {
        "data_type": {
          "type": "PixelType",
          "precision": "float",
          "min": 0,
          "max": 6.553500175476074
        },
        "dimensions": [
          10980,
          10980
        ],
        "crs": "EPSG:32634",
        "crs_transform": [
          10,
          0,
          499980,
          0,
          -10,
          4300020
        ]
      },
      "TCI_R": {
        "data_type": {
          "type": "PixelType",
          "precision": "float",
          "min": 0,
          "max": 0.02550000138580799
        },
        "dimensions": [
          10980,
          10980
        ],
        "crs": "EPSG:32634",
        "crs_transform": [
          10,
          0,
          499980,
          0,
          -10,
          4300020
        ]
      },
      "B5": {
        "data_type": {
          "type": "PixelType",
          "precision": "float",
          "min": 0,
          "max": 6.553500175476074
        },
        "dimensions": [
          5490,
          5490
        ],
        "crs": "EPSG:32634",
        "crs_transform": [
          20,
          0,
          499980,
          0,
          -20,
          4300020
        ]
      },
      "B6": {
        "data_type": {
          "type": "PixelType",
          "precision": "float",
          "min": 0,
          "max": 6.553500175476074
        },
        "dimensions": [
          5490,
          5490
        ],
        "crs": "EPSG:32634",
        "crs_transform": [
          20,
          0,
          499980,
          0,
          -20,
          4300020
        ]
      },
      "B7": {
        "data_type": {
          "type": "PixelType",
          "precision": "float",
          "min": 0,
          "max": 6.553500175476074
        },
        "dimensions": [
          5490,
          5490
        ],
        "crs": "EPSG:32634",
        "crs_transform": [
          20,
          0,
          499980,
          0,
          -20,
          4300020
        ]
      },
      "B8": {
        "data_type": {
          "type": "PixelType",
          "precision": "float",
          "min": 0,
          "max": 6.553500175476074
        },
        "dimensions": [
          10980,
          10980
        ],
        "crs": "EPSG:32634",
        "crs_transform": [
          10,
          0,
          499980,
          0,
          -10,
          4300020
        ]
      },
      "B9": {
        "data_type": {
          "type": "PixelType",
          "precision": "float",
          "min": 0,
          "max": 6.553500175476074
        },
        "dimensions": [
          1830,
          1830
        ],
        "crs": "EPSG:32634",
        "crs_transform": [
          60,
          0,
          499980,
          0,
          -60,
          4300020
        ]
      },
      "MSK_SNWPRB": {
        "data_type": {
          "type": "PixelType",
          "precision": "float",
          "min": 0,
          "max": 0.02550000138580799
        },
        "dimensions": [
          5490,
          5490
        ],
        "crs": "EPSG:32634",
        "crs_transform": [
          20,
          0,
          499980,
          0,
          -20,
          4300020
        ]
      },
      "SCL": {
        "data_type": {
          "type": "PixelType",
          "precision": "float",
          "min": 0,
          "max": 0.02550000138580799
        },
        "dimensions": [
          5490,
          5490
        ],
        "crs": "EPSG:32634",
        "crs_transform": [
          20,
          0,
          499980,
          0,
          -20,
          4300020
        ]
      },
      "TCI_G": {
        "data_type": {
          "type": "PixelType",
          "precision": "float",
          "min": 0,
          "max": 0.02550000138580799
        },
        "dimensions": [
          10980,
          10980
        ],
        "crs": "EPSG:32634",
        "crs_transform": [
          10,
          0,
          499980,
          0,
          -10,
          4300020
        ]
      }
    },
    "system:band_names": [
      "B1",
      "B2",
      "B3",
      "B4",
      "B5",
      "B6",
      "B7",
      "B8",
      "B8A",
      "B9",
      "B11",
      "B12",
      "AOT",
      "WVP",
      "SCL",
      "TCI_R",
      "TCI_G",
      "TCI_B",
      "MSK_CLDPRB",
      "MSK_SNWPRB",
      "QA10",
      "QA20",
      "QA60",
      "MSK_CLASSI_OPAQUE",
      "MSK_CLASSI_CIRRUS",
      "MSK_CLASSI_SNOW_ICE",
      "NDVI"
    ]
  },
  "SENSOR_QUALITY": "PASSED",
  "SPACECRAFT_NAME": "Sentinel-2C",
  "system:bands_merged": {
    "B1": {
      "id": "B1",
      "data_type": {
        "type": "PixelType",
        "precision": "float",
        "min": 0,
        "max": 6.553500175476074
      },
      "dimensions": [
        1830,
        1830
      ],
      "crs": "EPSG:32634",
      "crs_transform": [
        60,
        0,
        499980,
        0,
        -60,
        4300020
      ]
    },
    "B2": {
      "id": "B2",
      "data_type": {
        "type": "PixelType",
        "precision": "float",
        "min": 0,
        "max": 6.553500175476074
      },
      "dimensions": [
        10980,
        10980
      ],
      "crs": "EPSG:32634",
      "crs_transform": [
        10,
        0,
        499980,
        0,
        -10,
        4300020
      ]
    },
    "B3": {
      "id": "B3",
      "data_type": {
        "type": "PixelType",
        "precision": "float",
        "min": 0,
        "max": 6.553500175476074
      },
      "dimensions": [
        10980,
        10980
      ],
      "crs": "EPSG:32634",
      "crs_transform": [
        10,
        0,
        499980,
        0,
        -10,
        4300020
      ]
    },
    "B4": {
      "id": "B4",
      "data_type": {
        "type": "PixelType",
        "precision": "float",
        "min": 0,
        "max": 6.553500175476074
      },
      "dimensions": [
        10980,
        10980
      ],
      "crs": "EPSG:32634",
      "crs_transform": [
        10,
        0,
        499980,
        0,
        -10,
        4300020
      ]
    },
    "B5": {
      "id": "B5",
      "data_type": {
        "type": "PixelType",
        "precision": "float",
        "min": 0,
        "max": 6.553500175476074
      },
      "dimensions": [
        5490,
        5490
      ],
      "crs": "EPSG:32634",
      "crs_transform": [
        20,
        0,
        499980,
        0,
        -20,
        4300020
      ]
    },
    "B6": {
      "id": "B6",
      "data_type": {
        "type": "PixelType",
        "precision": "float",
        "min": 0,
        "max": 6.553500175476074
      },
      "dimensions": [
        5490,
        5490
      ],
      "crs": "EPSG:32634",
      "crs_transform": [
        20,
        0,
        499980,
        0,
        -20,
        4300020
      ]
    },
    "B7": {
      "id": "B7",
      "data_type": {
        "type": "PixelType",
        "precision": "float",
        "min": 0,
        "max": 6.553500175476074
      },
      "dimensions": [
        5490,
        5490
      ],
      "crs": "EPSG:32634",
      "crs_transform": [
        20,
        0,
        499980,
        0,
        -20,
        4300020
      ]
    },
    "B8": {
      "id": "B8",
      "data_type": {
        "type": "PixelType",
        "precision": "float",
        "min": 0,
        "max": 6.553500175476074
      },
      "dimensions": [
        10980,
        10980
      ],
      "crs": "EPSG:32634",
      "crs_transform": [
        10,
        0,
        499980,
        0,
        -10,
        4300020
      ]
    },
    "B8A": {
      "id": "B8A",
      "data_type": {
        "type": "PixelType",
        "precision": "float",
        "min": 0,
        "max": 6.553500175476074
      },
      "dimensions": [
        5490,
        5490
      ],
      "crs": "EPSG:32634",
      "crs_transform": [
        20,
        0,
        499980,
        0,
        -20,
        4300020
      ]
    },
    "B9": {
      "id": "B9",
      "data_type": {
        "type": "PixelType",
        "precision": "float",
        "min": 0,
        "max": 6.553500175476074
      },
      "dimensions": [
        1830,
        1830
      ],
      "crs": "EPSG:32634",
      "crs_transform": [
        60,
        0,
        499980,
        0,
        -60,
        4300020
      ]
    },
    "B11": {
      "id": "B11",
      "data_type": {
        "type": "PixelType",
        "precision": "float",
        "min": 0,
        "max": 6.553500175476074
      },
      "dimensions": [
        5490,
        5490
      ],
      "crs": "EPSG:32634",
      "crs_transform": [
        20,
        0,
        499980,
        0,
        -20,
        4300020
      ]
    },
    "B12": {
      "id": "B12",
      "data_type": {
        "type": "PixelType",
        "precision": "float",
        "min": 0,
        "max": 6.553500175476074
      },
      "dimensions": [
        5490,
        5490
      ],
      "crs": "EPSG:32634",
      "crs_transform": [
        20,
        0,
        499980,
        0,
        -20,
        4300020
      ]
    },
    "AOT": {
      "id": "AOT",
      "data_type": {
        "type": "PixelType",
        "precision": "float",
        "min": 0,
        "max": 6.553500175476074
      },
      "dimensions": [
        10980,
        10980
      ],
      "crs": "EPSG:32634",
      "crs_transform": [
        10,
        0,
        499980,
        0,
        -10,
        4300020
      ]
    },
    "WVP": {
      "id": "WVP",
      "data_type": {
        "type": "PixelType",
        "precision": "float",
        "min": 0,
        "max": 6.553500175476074
      },
      "dimensions": [
        10980,
        10980
      ],
      "crs": "EPSG:32634",
      "crs_transform": [
        10,
        0,
        499980,
        0,
        -10,
        4300020
      ]
    },
    "SCL": {
      "id": "SCL",
      "data_type": {
        "type": "PixelType",
        "precision": "float",
        "min": 0,
        "max": 0.02550000138580799
      },
      "dimensions": [
        5490,
        5490
      ],
      "crs": "EPSG:32634",
      "crs_transform": [
        20,
        0,
        499980,
        0,
        -20,
        4300020
      ]
    },
    "TCI_R": {
      "id": "TCI_R",
      "data_type": {
        "type": "PixelType",
        "precision": "float",
        "min": 0,
        "max": 0.02550000138580799
      },
      "dimensions": [
        10980,
        10980
      ],
      "crs": "EPSG:32634",
      "crs_transform": [
        10,
        0,
        499980,
        0,
        -10,
        4300020
      ]
    },
    "TCI_G": {
      "id": "TCI_G",
      "data_type": {
        "type": "PixelType",
        "precision": "float",
        "min": 0,
        "max": 0.02550000138580799
      },
      "dimensions": [
        10980,
        10980
      ],
      "crs": "EPSG:32634",
      "crs_transform": [
        10,
        0,
        499980,
        0,
        -10,
        4300020
      ]
    },
    "TCI_B": {
      "id": "TCI_B",
      "data_type": {
        "type": "PixelType",
        "precision": "float",
        "min": 0,
        "max": 0.02550000138580799
      },
      "dimensions": [
        10980,
        10980
      ],
      "crs": "EPSG:32634",
      "crs_transform": [
        10,
        0,
        499980,
        0,
        -10,
        4300020
      ]
    },
    "MSK_CLDPRB": {
      "id": "MSK_CLDPRB",
      "data_type": {
        "type": "PixelType",
        "precision": "float",
        "min": 0,
        "max": 0.02550000138580799
      },
      "dimensions": [
        5490,
        5490
      ],
      "crs": "EPSG:32634",
      "crs_transform": [
        20,
        0,
        499980,
        0,
        -20,
        4300020
      ]
    },
    "MSK_SNWPRB": {
      "id": "MSK_SNWPRB",
      "data_type": {
        "type": "PixelType",
        "precision": "float",
        "min": 0,
        "max": 0.02550000138580799
      },
      "dimensions": [
        5490,
        5490
      ],
      "crs": "EPSG:32634",
      "crs_transform": [
        20,
        0,
        499980,
        0,
        -20,
        4300020
      ]
    },
    "QA10": {
      "id": "QA10",
      "data_type": {
        "type": "PixelType",
        "precision": "float",
        "min": 0,
        "max": 6.553500175476074
      },
      "crs": "EPSG:4326",
      "crs_transform": [
        1,
        0,
        0,
        0,
        1,
        0
      ]
    },
    "QA20": {
      "id": "QA20",
      "data_type": {
        "type": "PixelType",
        "precision": "float",
        "min": 0,
        "max": 429496.75
      },
      "crs": "EPSG:4326",
      "crs_transform": [
        1,
        0,
        0,
        0,
        1,
        0
      ]
    },
    "QA60": {
      "id": "QA60",
      "data_type": {
        "type": "PixelType",
        "precision": "float",
        "min": 0,
        "max": 6.553500175476074
      },
      "dimensions": [
        1830,
        1830
      ],
      "crs": "EPSG:32634",
      "crs_transform": [
        60,
        0,
        499980,
        0,
        -60,
        4300020
      ]
    },
    "MSK_CLASSI_OPAQUE": {
      "id": "MSK_CLASSI_OPAQUE",
      "data_type": {
        "type": "PixelType",
        "precision": "float",
        "min": 0,
        "max": 0.02550000138580799
      },
      "dimensions": [
        1830,
        1830
      ],
      "crs": "EPSG:32634",
      "crs_transform": [
        60,
        0,
        499980,
        0,
        -60,
        4300020
      ]
    },
    "MSK_CLASSI_CIRRUS": {
      "id": "MSK_CLASSI_CIRRUS",
      "data_type": {
        "type": "PixelType",
        "precision": "float",
        "min": 0,
        "max": 0.02550000138580799
      },
      "dimensions": [
        1830,
        1830
      ],
      "crs": "EPSG:32634",
      "crs_transform": [
        60,
        0,
        499980,
        0,
        -60,
        4300020
      ]
    },
    "MSK_CLASSI_SNOW_ICE": {
      "id": "MSK_CLASSI_SNOW_ICE",
      "data_type": {
        "type": "PixelType",
        "precision": "float",
        "min": 0,
        "max": 0.02550000138580799
      },
      "dimensions": [
        1830,
        1830
      ],
      "crs": "EPSG:32634",
      "crs_transform": [
        60,
        0,
        499980,
        0,
        -60,
        4300020
      ]
    },
    "NDVI": {
      "id": "NDVI",
      "data_type": {
        "type": "PixelType",
        "precision": "float",
        "min": -1,
        "max": 1
      },
      "dimensions": [
        10980,
        10980
      ],
      "crs": "EPSG:32634",
      "crs_transform": [
        10,
        0,
        499980,
        0,
        -10,
        4300020
      ]
    }
  },
  "system:band_names_merged": [
    "B1",
    "B2",
    "B3",
    "B4",
    "B5",
    "B6",
    "B7",
    "B8",
    "B8A",
    "B9",
    "B11",
    "B12",
    "AOT",
    "WVP",
    "SCL",
    "TCI_R",
    "TCI_G",
    "TCI_B",
    "MSK_CLDPRB",
    "MSK_SNWPRB",
    "QA10",
    "QA20",
    "QA60",
    "MSK_CLASSI_OPAQUE",
    "MSK_CLASSI_CIRRUS",
    "MSK_CLASSI_SNOW_ICE",
    "NDVI"
  ],
  "_conflicts": {
    "/system:bands": {
      "kept_from_full": [
        {
          "id": "B1",
          "data_type": {
            "type": "PixelType",
            "precision": "float",
            "min": 0,
            "max": 6.553500175476074
          },
          "dimensions": [
            1830,
            1830
          ],
          "crs": "EPSG:32634",
          "crs_transform": [
            60,
            0,
            499980,
            0,
            -60,
            4300020
          ]
        },
        {
          "id": "B2",
          "data_type": {
            "type": "PixelType",
            "precision": "float",
            "min": 0,
            "max": 6.553500175476074
          },
          "dimensions": [
            10980,
            10980
          ],
          "crs": "EPSG:32634",
          "crs_transform": [
            10,
            0,
            499980,
            0,
            -10,
            4300020
          ]
        },
        {
          "id": "B3",
          "data_type": {
            "type": "PixelType",
            "precision": "float",
            "min": 0,
            "max": 6.553500175476074
          },
          "dimensions": [
            10980,
            10980
          ],
          "crs": "EPSG:32634",
          "crs_transform": [
            10,
            0,
            499980,
            0,
            -10,
            4300020
          ]
        },
        {
          "id": "B4",
          "data_type": {
            "type": "PixelType",
            "precision": "float",
            "min": 0,
            "max": 6.553500175476074
          },
          "dimensions": [
            10980,
            10980
          ],
          "crs": "EPSG:32634",
          "crs_transform": [
            10,
            0,
            499980,
            0,
            -10,
            4300020
          ]
        },
        {
          "id": "B5",
          "data_type": {
            "type": "PixelType",
            "precision": "float",
            "min": 0,
            "max": 6.553500175476074
          },
          "dimensions": [
            5490,
            5490
          ],
          "crs": "EPSG:32634",
          "crs_transform": [
            20,
            0,
            499980,
            0,
            -20,
            4300020
          ]
        },
        {
          "id": "B6",
          "data_type": {
            "type": "PixelType",
            "precision": "float",
            "min": 0,
            "max": 6.553500175476074
          },
          "dimensions": [
            5490,
            5490
          ],
          "crs": "EPSG:32634",
          "crs_transform": [
            20,
            0,
            499980,
            0,
            -20,
            4300020
          ]
        },
        {
          "id": "B7",
          "data_type": {
            "type": "PixelType",
            "precision": "float",
            "min": 0,
            "max": 6.553500175476074
          },
          "dimensions": [
            5490,
            5490
          ],
          "crs": "EPSG:32634",
          "crs_transform": [
            20,
            0,
            499980,
            0,
            -20,
            4300020
          ]
        },
        {
          "id": "B8",
          "data_type": {
            "type": "PixelType",
            "precision": "float",
            "min": 0,
            "max": 6.553500175476074
          },
          "dimensions": [
            10980,
            10980
          ],
          "crs": "EPSG:32634",
          "crs_transform": [
            10,
            0,
            499980,
            0,
            -10,
            4300020
          ]
        },
        {
          "id": "B8A",
          "data_type": {
            "type": "PixelType",
            "precision": "float",
            "min": 0,
            "max": 6.553500175476074
          },
          "dimensions": [
            5490,
            5490
          ],
          "crs": "EPSG:32634",
          "crs_transform": [
            20,
            0,
            499980,
            0,
            -20,
            4300020
          ]
        },
        {
          "id": "B9",
          "data_type": {
            "type": "PixelType",
            "precision": "float",
            "min": 0,
            "max": 6.553500175476074
          },
          "dimensions": [
            1830,
            1830
          ],
          "crs": "EPSG:32634",
          "crs_transform": [
            60,
            0,
            499980,
            0,
            -60,
            4300020
          ]
        },
        {
          "id": "B11",
          "data_type": {
            "type": "PixelType",
            "precision": "float",
            "min": 0,
            "max": 6.553500175476074
          },
          "dimensions": [
            5490,
            5490
          ],
          "crs": "EPSG:32634",
          "crs_transform": [
            20,
            0,
            499980,
            0,
            -20,
            4300020
          ]
        },
        {
          "id": "B12",
          "data_type": {
            "type": "PixelType",
            "precision": "float",
            "min": 0,
            "max": 6.553500175476074
          },
          "dimensions": [
            5490,
            5490
          ],
          "crs": "EPSG:32634",
          "crs_transform": [
            20,
            0,
            499980,
            0,
            -20,
            4300020
          ]
        },
        {
          "id": "AOT",
          "data_type": {
            "type": "PixelType",
            "precision": "float",
            "min": 0,
            "max": 6.553500175476074
          },
          "dimensions": [
            10980,
            10980
          ],
          "crs": "EPSG:32634",
          "crs_transform": [
            10,
            0,
            499980,
            0,
            -10,
            4300020
          ]
        },
        {
          "id": "WVP",
          "data_type": {
            "type": "PixelType",
            "precision": "float",
            "min": 0,
            "max": 6.553500175476074
          },
          "dimensions": [
            10980,
            10980
          ],
          "crs": "EPSG:32634",
          "crs_transform": [
            10,
            0,
            499980,
            0,
            -10,
            4300020
          ]
        },
        {
          "id": "SCL",
          "data_type": {
            "type": "PixelType",
            "precision": "float",
            "min": 0,
            "max": 0.02550000138580799
          },
          "dimensions": [
            5490,
            5490
          ],
          "crs": "EPSG:32634",
          "crs_transform": [
            20,
            0,
            499980,
            0,
            -20,
            4300020
          ]
        },
        {
          "id": "TCI_R",
          "data_type": {
            "type": "PixelType",
            "precision": "float",
            "min": 0,
            "max": 0.02550000138580799
          },
          "dimensions": [
            10980,
            10980
          ],
          "crs": "EPSG:32634",
          "crs_transform": [
            10,
            0,
            499980,
            0,
            -10,
            4300020
          ]
        },
        {
          "id": "TCI_G",
          "data_type": {
            "type": "PixelType",
            "precision": "float",
            "min": 0,
            "max": 0.02550000138580799
          },
          "dimensions": [
            10980,
            10980
          ],
          "crs": "EPSG:32634",
          "crs_transform": [
            10,
            0,
            499980,
            0,
            -10,
            4300020
          ]
        },
        {
          "id": "TCI_B",
          "data_type": {
            "type": "PixelType",
            "precision": "float",
            "min": 0,
            "max": 0.02550000138580799
          },
          "dimensions": [
            10980,
            10980
          ],
          "crs": "EPSG:32634",
          "crs_transform": [
            10,
            0,
            499980,
            0,
            -10,
            4300020
          ]
        },
        {
          "id": "MSK_CLDPRB",
          "data_type": {
            "type": "PixelType",
            "precision": "float",
            "min": 0,
            "max": 0.02550000138580799
          },
          "dimensions": [
            5490,
            5490
          ],
          "crs": "EPSG:32634",
          "crs_transform": [
            20,
            0,
            499980,
            0,
            -20,
            4300020
          ]
        },
        {
          "id": "MSK_SNWPRB",
          "data_type": {
            "type": "PixelType",
            "precision": "float",
            "min": 0,
            "max": 0.02550000138580799
          },
          "dimensions": [
            5490,
            5490
          ],
          "crs": "EPSG:32634",
          "crs_transform": [
            20,
            0,
            499980,
            0,
            -20,
            4300020
          ]
        },
        {
          "id": "QA10",
          "data_type": {
            "type": "PixelType",
            "precision": "float",
            "min": 0,
            "max": 6.553500175476074
          },
          "crs": "EPSG:4326",
          "crs_transform": [
            1,
            0,
            0,
            0,
            1,
            0
          ]
        },
        {
          "id": "QA20",
          "data_type": {
            "type": "PixelType",
            "precision": "float",
            "min": 0,
            "max": 429496.75
          },
          "crs": "EPSG:4326",
          "crs_transform": [
            1,
            0,
            0,
            0,
            1,
            0
          ]
        },
        {
          "id": "QA60",
          "data_type": {
            "type": "PixelType",
            "precision": "float",
            "min": 0,
            "max": 6.553500175476074
          },
          "dimensions": [
            1830,
            1830
          ],
          "crs": "EPSG:32634",
          "crs_transform": [
            60,
            0,
            499980,
            0,
            -60,
            4300020
          ]
        },
        {
          "id": "MSK_CLASSI_OPAQUE",
          "data_type": {
            "type": "PixelType",
            "precision": "float",
            "min": 0,
            "max": 0.02550000138580799
          },
          "dimensions": [
            1830,
            1830
          ],
          "crs": "EPSG:32634",
          "crs_transform": [
            60,
            0,
            499980,
            0,
            -60,
            4300020
          ]
        },
        {
          "id": "MSK_CLASSI_CIRRUS",
          "data_type": {
            "type": "PixelType",
            "precision": "float",
            "min": 0,
            "max": 0.02550000138580799
          },
          "dimensions": [
            1830,
            1830
          ],
          "crs": "EPSG:32634",
          "crs_transform": [
            60,
            0,
            499980,
            0,
            -60,
            4300020
          ]
        },
        {
          "id": "MSK_CLASSI_SNOW_ICE",
          "data_type": {
            "type": "PixelType",
            "precision": "float",
            "min": 0,
            "max": 0.02550000138580799
          },
          "dimensions": [
            1830,
            1830
          ],
          "crs": "EPSG:32634",
          "crs_transform": [
            60,
            0,
            499980,
            0,
            -60,
            4300020
          ]
        },
        {
          "id": "NDVI",
          "data_type": {
            "type": "PixelType",
            "precision": "float",
            "min": -1,
            "max": 1
          },
          "dimensions": [
            10980,
            10980
          ],
          "crs": "EPSG:32634",
          "crs_transform": [
            10,
            0,
            499980,
            0,
            -10,
            4300020
          ]
        }
      ],
      "other_from_raw": {
        "TCI_B": {
          "data_type": {
            "type": "PixelType",
            "precision": "int",
            "min": 0,
            "max": 255
          },
          "dimensions": [
            10980,
            10980
          ],
          "crs": "EPSG:32634",
          "crs_transform": [
            10,
            0,
            499980,
            0,
            -10,
            4300020
          ]
        },
        "QA10": {
          "data_type": {
            "type": "PixelType",
            "precision": "int",
            "min": 0,
            "max": 65535
          },
          "crs": "EPSG:4326",
          "crs_transform": [
            1,
            0,
            0,
            0,
            1,
            0
          ]
        },
        "B8A": {
          "data_type": {
            "type": "PixelType",
            "precision": "int",
            "min": 0,
            "max": 65535
          },
          "dimensions": [
            5490,
            5490
          ],
          "crs": "EPSG:32634",
          "crs_transform": [
            20,
            0,
            499980,
            0,
            -20,
            4300020
          ]
        },
        "MSK_CLASSI_CIRRUS": {
          "data_type": {
            "type": "PixelType",
            "precision": "int",
            "min": 0,
            "max": 255
          },
          "dimensions": [
            1830,
            1830
          ],
          "crs": "EPSG:32634",
          "crs_transform": [
            60,
            0,
            499980,
            0,
            -60,
            4300020
          ]
        },
        "WVP": {
          "data_type": {
            "type": "PixelType",
            "precision": "int",
            "min": 0,
            "max": 65535
          },
          "dimensions": [
            10980,
            10980
          ],
          "crs": "EPSG:32634",
          "crs_transform": [
            10,
            0,
            499980,
            0,
            -10,
            4300020
          ]
        },
        "MSK_CLASSI_OPAQUE": {
          "data_type": {
            "type": "PixelType",
            "precision": "int",
            "min": 0,
            "max": 255
          },
          "dimensions": [
            1830,
            1830
          ],
          "crs": "EPSG:32634",
          "crs_transform": [
            60,
            0,
            499980,
            0,
            -60,
            4300020
          ]
        },
        "MSK_CLASSI_SNOW_ICE": {
          "data_type": {
            "type": "PixelType",
            "precision": "int",
            "min": 0,
            "max": 255
          },
          "dimensions": [
            1830,
            1830
          ],
          "crs": "EPSG:32634",
          "crs_transform": [
            60,
            0,
            499980,
            0,
            -60,
            4300020
          ]
        },
        "B11": {
          "data_type": {
            "type": "PixelType",
            "precision": "int",
            "min": 0,
            "max": 65535
          },
          "dimensions": [
            5490,
            5490
          ],
          "crs": "EPSG:32634",
          "crs_transform": [
            20,
            0,
            499980,
            0,
            -20,
            4300020
          ]
        },
        "B12": {
          "data_type": {
            "type": "PixelType",
            "precision": "int",
            "min": 0,
            "max": 65535
          },
          "dimensions": [
            5490,
            5490
          ],
          "crs": "EPSG:32634",
          "crs_transform": [
            20,
            0,
            499980,
            0,
            -20,
            4300020
          ]
        },
        "AOT": {
          "data_type": {
            "type": "PixelType",
            "precision": "int",
            "min": 0,
            "max": 65535
          },
          "dimensions": [
            10980,
            10980
          ],
          "crs": "EPSG:32634",
          "crs_transform": [
            10,
            0,
            499980,
            0,
            -10,
            4300020
          ]
        },
        "QA20": {
          "data_type": {
            "type": "PixelType",
            "precision": "int",
            "min": 0,
            "max": 4294967295
          },
          "crs": "EPSG:4326",
          "crs_transform": [
            1,
            0,
            0,
            0,
            1,
            0
          ]
        },
        "MSK_CLDPRB": {
          "data_type": {
            "type": "PixelType",
            "precision": "int",
            "min": 0,
            "max": 255
          },
          "dimensions": [
            5490,
            5490
          ],
          "crs": "EPSG:32634",
          "crs_transform": [
            20,
            0,
            499980,
            0,
            -20,
            4300020
          ]
        },
        "B1": {
          "data_type": {
            "type": "PixelType",
            "precision": "int",
            "min": 0,
            "max": 65535
          },
          "dimensions": [
            1830,
            1830
          ],
          "crs": "EPSG:32634",
          "crs_transform": [
            60,
            0,
            499980,
            0,
            -60,
            4300020
          ]
        },
        "QA60": {
          "data_type": {
            "type": "PixelType",
            "precision": "int",
            "min": 0,
            "max": 65535
          },
          "dimensions": [
            1830,
            1830
          ],
          "crs": "EPSG:32634",
          "crs_transform": [
            60,
            0,
            499980,
            0,
            -60,
            4300020
          ]
        },
        "B2": {
          "data_type": {
            "type": "PixelType",
            "precision": "int",
            "min": 0,
            "max": 65535
          },
          "dimensions": [
            10980,
            10980
          ],
          "crs": "EPSG:32634",
          "crs_transform": [
            10,
            0,
            499980,
            0,
            -10,
            4300020
          ]
        },
        "B3": {
          "data_type": {
            "type": "PixelType",
            "precision": "int",
            "min": 0,
            "max": 65535
          },
          "dimensions": [
            10980,
            10980
          ],
          "crs": "EPSG:32634",
          "crs_transform": [
            10,
            0,
            499980,
            0,
            -10,
            4300020
          ]
        },
        "B4": {
          "data_type": {
            "type": "PixelType",
            "precision": "int",
            "min": 0,
            "max": 65535
          },
          "dimensions": [
            10980,
            10980
          ],
          "crs": "EPSG:32634",
          "crs_transform": [
            10,
            0,
            499980,
            0,
            -10,
            4300020
          ]
        },
        "TCI_R": {
          "data_type": {
            "type": "PixelType",
            "precision": "int",
            "min": 0,
            "max": 255
          },
          "dimensions": [
            10980,
            10980
          ],
          "crs": "EPSG:32634",
          "crs_transform": [
            10,
            0,
            499980,
            0,
            -10,
            4300020
          ]
        },
        "B5": {
          "data_type": {
            "type": "PixelType",
            "precision": "int",
            "min": 0,
            "max": 65535
          },
          "dimensions": [
            5490,
            5490
          ],
          "crs": "EPSG:32634",
          "crs_transform": [
            20,
            0,
            499980,
            0,
            -20,
            4300020
          ]
        },
        "B6": {
          "data_type": {
            "type": "PixelType",
            "precision": "int",
            "min": 0,
            "max": 65535
          },
          "dimensions": [
            5490,
            5490
          ],
          "crs": "EPSG:32634",
          "crs_transform": [
            20,
            0,
            499980,
            0,
            -20,
            4300020
          ]
        },
        "B7": {
          "data_type": {
            "type": "PixelType",
            "precision": "int",
            "min": 0,
            "max": 65535
          },
          "dimensions": [
            5490,
            5490
          ],
          "crs": "EPSG:32634",
          "crs_transform": [
            20,
            0,
            499980,
            0,
            -20,
            4300020
          ]
        },
        "B8": {
          "data_type": {
            "type": "PixelType",
            "precision": "int",
            "min": 0,
            "max": 65535
          },
          "dimensions": [
            10980,
            10980
          ],
          "crs": "EPSG:32634",
          "crs_transform": [
            10,
            0,
            499980,
            0,
            -10,
            4300020
          ]
        },
        "B9": {
          "data_type": {
            "type": "PixelType",
            "precision": "int",
            "min": 0,
            "max": 65535
          },
          "dimensions": [
            1830,
            1830
          ],
          "crs": "EPSG:32634",
          "crs_transform": [
            60,
            0,
            499980,
            0,
            -60,
            4300020
          ]
        },
        "MSK_SNWPRB": {
          "data_type": {
            "type": "PixelType",
            "precision": "int",
            "min": 0,
            "max": 255
          },
          "dimensions": [
            5490,
            5490
          ],
          "crs": "EPSG:32634",
          "crs_transform": [
            20,
            0,
            499980,
            0,
            -20,
            4300020
          ]
        },
        "SCL": {
          "data_type": {
            "type": "PixelType",
            "precision": "int",
            "min": 0,
            "max": 255
          },
          "dimensions": [
            5490,
            5490
          ],
          "crs": "EPSG:32634",
          "crs_transform": [
            20,
            0,
            499980,
            0,
            -20,
            4300020
          ]
        },
        "TCI_G": {
          "data_type": {
            "type": "PixelType",
            "precision": "int",
            "min": 0,
            "max": 255
          },
          "dimensions": [
            10980,
            10980
          ],
          "crs": "EPSG:32634",
          "crs_transform": [
            10,
            0,
            499980,
            0,
            -10,
            4300020
          ]
        }
      }
    },
    "/system:footprint": {
      "kept_from_full": null,
      "other_from_raw": {
        "type": "LinearRing",
        "coordinates": [
          [
            20.999654898378186,
            38.849009758091505
          ],
          [
            20.999653988789895,
            38.84899848151668
          ],
          [
            20.999658627690184,
            37.859622208908476
          ],
          [
            20.999705016693753,
            37.859580747713416
          ],
          [
            20.999744401868323,
            37.859535013781475
          ],
          [
            20.999763048429333,
            37.8595322424747
          ],
          [
            22.24763965341787,
            37.85292215359693
          ],
          [
            22.24769277344505,
            37.85295814233032
          ],
          [
            22.24775116908955,
            37.85298861849882
          ],
          [
            22.24775498936529,
            37.85300341834264
          ],
          [
            22.256195413868717,
            38.34760218087819
          ],
          [
            22.26484527456636,
            38.84214989355032
          ],
          [
            22.264799067867322,
            38.84219192191413
          ],
          [
            22.264759955896718,
            38.84223799586966
          ],
          [
            22.264740945659522,
            38.84224103885822
          ],
          [
            20.999769506506603,
            38.84908846708624
          ],
          [
            20.99971629558892,
            38.84905189368263
          ],
          [
            20.99965762714306,
            38.849020769843705
          ],
          [
            20.999654898378186,
            38.849009758091505
          ]
        ]
      }
    }
  }
}