{
  "MEAN_INCIDENCE_AZIMUTH_ANGLE_B12": 270.279844993809,
  "MEAN_INCIDENCE_AZIMUTH_ANGLE_B9": 270.330747376233,
  "NOT_VEGETATED_PERCENTAGE": 36.83095,
  "MEAN_INCIDENCE_ZENITH_ANGLE_B8A": 5.12091027814201,
  "MEAN_INCIDENCE_AZIMUTH_ANGLE_B11": 270.337426378644,
  "MEAN_INCIDENCE_ZENITH_ANGLE_B10": 4.88147090673517,
  "WATER_VAPOUR_RETRIEVAL_ACCURACY": 0,
  "MEAN_INCIDENCE_AZIMUTH_ANGLE_B8": 271.119813403118,
  "BOA_ADD_OFFSET_B5": -1000,
  "DATASTRIP_ID": "S2B_OPER_MSI_L2A_DS_2BPS_20250604T151549_S20250604T111834_N05.11",
  "GEOMETRIC_QUALITY": "PASSED",
  "BOA_ADD_OFFSET_B11": -1000,
  "SOLAR_IRRADIANCE_B9": 817.58,
  "MEAN_INCIDENCE_ZENITH_ANGLE_B4": 4.90140249368389,
  "DEGRADED_MSI_DATA_PERCENTAGE": 0.0158,
  "MEAN_INCIDENCE_ZENITH_ANGLE_B9": 5.24360126726762,
  "MEAN_INCIDENCE_AZIMUTH_ANGLE_B10": 270.44646137311,
  "BOA_ADD_OFFSET_B7": -1000,
  "THIN_CIRRUS_PERCENTAGE": 1.659467,
  "MEAN_INCIDENCE_AZIMUTH_ANGLE_B5": 270.435944861064,
  "SOLAR_IRRADIANCE_B5": 1425.78,
  "SENSING_ORBIT_DIRECTION": "DESCENDING",
  "MGRS_TILE": "30STF",
  "MEAN_INCIDENCE_AZIMUTH_ANGLE_B2": 271.544657011249,
  "SOLAR_IRRADIANCE_B3": 1824.93,
  "lon": -5.748250733008798,
  "SOLAR_IRRADIANCE_B4": 1512.79,
  "imageID": "20250604T110619_20250604T111834_T30STF",
  "MEAN_INCIDENCE_AZIMUTH_ANGLE_B8A": 270.436525110738,
  "OZONE_VALUE": 348.519448,
  "PRODUCT_ID": "S2B_MSIL2A_20250604T110619_N0511_R137_T30STF_20250604T151549",
  "MEAN_INCIDENCE_ZENITH_ANGLE_B12": 5.13403803989056,
  "system:index": "20250604T110619_20250604T111834_T30STF",
  "MEAN_INCIDENCE_AZIMUTH_ANGLE_B1": 270.29431332377,
  "MEAN_INCIDENCE_ZENITH_ANGLE_B3": 4.82459844336755,
  "SOLAR_IRRADIANCE_B6": 1291.13,
  "WATER_PERCENTAGE": 19.32351,
  "CLOUDY_PIXEL_OVER_LAND_PERCENTAGE": 0.846912,
  "GRANULE_ID": "L2A_T30STF_A043063_20250604T111834",
  "BOA_ADD_OFFSET_B8A": -1000,
  "MEAN_INCIDENCE_ZENITH_ANGLE_B11": 4.99648020466587,
  "system:version": 1761671979569102,
  "SENSING_ORBIT_NUMBER": 137,
  "MEAN_INCIDENCE_AZIMUTH_ANGLE_B6": 270.448822516645,
  "SOLAR_IRRADIANCE_B8": 1041.28,
  "FORMAT_CORRECTNESS": "PASSED",
  "AOT_RETRIEVAL_METHOD": "SEN2COR_DDV",
  "MEAN_INCIDENCE_ZENITH_ANGLE_B6": 5.00353377454652,
  "system:id": "COPERNICUS/S2_SR_HARMONIZED/20250604T110619_20250604T111834_T30STF",
  "MEDIUM_PROBA_CLOUDS_PERCENTAGE": 1.30909,
  "SOLAR_IRRADIANCE_B7": 1175.57,
  "SOLAR_IRRADIANCE_B1": 1874.3,
  "BOA_ADD_OFFSET_B4": -1000,
  "SOLAR_IRRADIANCE_B12": 87.75,
  "SOLAR_IRRADIANCE_B8A": 953.93,
  "system:time_start": 1749036068972,
  "CLOUDY_PIXEL_PERCENTAGE": 3.475307,
  "MEAN_SOLAR_AZIMUTH_ANGLE": 132.997717016994,
  "BOA_ADD_OFFSET_B8": -1000,
  "MEAN_INCIDENCE_ZENITH_ANGLE_B8": 4.78897062173304,
  "UNCLASSIFIED_PERCENTAGE": 0.201443,
  "OZONE_SOURCE": "AUX_ECMWFT",
  "system:band_names": [
    "B1",
    "B2",
    "B3",
    "B4",
    "B5",
    "B6",
    "B7",
    "B8",
    "B8A",
    "B9",
    "B11",
    "B12",
    "AOT",
    "WVP",
    "SCL",
    "TCI_R",
    "TCI_G",
    "TCI_B",
    "MSK_CLDPRB",
    "MSK_SNWPRB",
    "QA10",
    "QA20",
    "QA60",
    "MSK_CLASSI_OPAQUE",
    "MSK_CLASSI_CIRRUS",
    "MSK_CLASSI_SNOW_ICE"
  ],
  "MEAN_INCIDENCE_AZIMUTH_ANGLE_B3": 270.822521633992,
  "AOT_RETRIEVAL_ACCURACY": 0,
  "SATURATED_DEFECTIVE_PIXEL_PERCENTAGE": 0,
  "CAST_SHADOW_PERCENTAGE": 0.017512,
  "BOA_ADD_OFFSET_B12": -1000,
  "CLOUD_COVERAGE_ASSESSMENT": 3.475307,
  "DATATAKE_IDENTIFIER": "GS2B_20250604T110619_043063_N05.11",
  "SOLAR_IRRADIANCE_B11": 247.08,
  "BOA_ADD_OFFSET_B1": -1000,
  "BOA_ADD_OFFSET_B6": -1000,
  "lat": 36.44491953376633,
  "PROCESSING_BASELINE": "05.11",
  "SNOW_ICE_PERCENTAGE": 0,
  "VEGETATION_PERCENTAGE": 40.108418,
  "MEAN_INCIDENCE_ZENITH_ANGLE_B7": 5.06315340319306,
  "BOA_ADD_OFFSET_B2": -1000,
  "HIGH_PROBA_CLOUDS_PERCENTAGE": 0.50675,
  "RADIATIVE_TRANSFER_ACCURACY": 0,
  "MEAN_INCIDENCE_ZENITH_ANGLE_B5": 4.95410950366331,
  "REFLECTANCE_CONVERSION_CORRECTION": 0.972764712703554,
  "system:bands": [
    {
      "id": "B1",
      "data_type": {
        "type": "PixelType",
        "precision": "float",
        "min": 0,
        "max": 6.553500175476074
      },
      "dimensions": [
        1830,
        1830
      ],
      "crs": "EPSG:32630",
      "crs_transform": [
        60,
        0,
        199980,
        0,
        -60,
        4100040
      ]
    },
    {
      "id": "B2",
      "data_type": {
        "type": "PixelType",
        "precision": "float",
        "min": 0,
        "max": 6.553500175476074
      },
      "dimensions": [
        10980,
        10980
      ],
      "crs": "EPSG:32630",
      "crs_transform": [
        10,
        0,
        199980,
        0,
        -10,
        4100040
      ]
    },
    {
      "id": "B3",
      "data_type": {
        "type": "PixelType",
        "precision": "float",
        "min": 0,
        "max": 6.553500175476074
      },
      "dimensions": [
        10980,
        10980
      ],
      "crs": "EPSG:32630",
      "crs_transform": [
        10,
        0,
        199980,
        0,
        -10,
        4100040
      ]
    },
    {
      "id": "B4",
      "data_type": {
        "type": "PixelType",
        "precision": "float",
        "min": 0,
        "max": 6.553500175476074
      },
      "dimensions": [
        10980,
        10980
      ],
      "crs": "EPSG:32630",
      "crs_transform": [
        10,
        0,
        199980,
        0,
        -10,
        4100040
      ]
    },
    {
      "id": "B5",
      "data_type": {
        "type": "PixelType",
        "precision": "float",
        "min": 0,
        "max": 6.553500175476074
      },
      "dimensions": [
        5490,
        5490
      ],
      "crs": "EPSG:32630",
      "crs_transform": [
        20,
        0,
        199980,
        0,
        -20,
        4100040
      ]
    },
    {
      "id": "B6",
      "data_type": {
        "type": "PixelType",
        "precision": "float",
        "min": 0,
        "max": 6.553500175476074
      },
      "dimensions": [
        5490,
        5490
      ],
      "crs": "EPSG:32630",
      "crs_transform": [
        20,
        0,
        199980,
        0,
        -20,
        4100040
      ]
    },
    {
      "id": "B7",
      "data_type": {
        "type": "PixelType",
        "precision": "float",
        "min": 0,
        "max": 6.553500175476074
      },
      "dimensions": [
        5490,
        5490
      ],
      "crs": "EPSG:32630",
      "crs_transform": [
        20,
        0,
        199980,
        0,
        -20,
        4100040
      ]
    },
    {
      "id": "B8",
      "data_type": {
        "type": "PixelType",
        "precision": "float",
        "min": 0,
        "max": 6.553500175476074
      },
      "dimensions": [
        10980,
        10980
      ],
      "crs": "EPSG:32630",
      "crs_transform": [
        10,
        0,
        199980,
        0,
        -10,
        4100040
      ]
    },
    {
      "id": "B8A",
      "data_type": {
        "type": "PixelType",
        "precision": "float",
        "min": 0,
        "max": 6.553500175476074
      },
      "dimensions": [
        5490,
        5490
      ],
      "crs": "EPSG:32630",
      "crs_transform": [
        20,
        0,
        199980,
        0,
        -20,
        4100040
      ]
    },
    {
      "id": "B9",
      "data_type": {
        "type": "PixelType",
        "precision": "float",
        "min": 0,
        "max": 6.553500175476074
      },
      "dimensions": [
        1830,
        1830
      ],
      "crs": "EPSG:32630",
      "crs_transform": [
        60,
        0,
        199980,
        0,
        -60,
        4100040
      ]
    },
    {
      "id": "B11",
      "data_type": {
        "type": "PixelType",
        "precision": "float",
        "min": 0,
        "max": 6.553500175476074
      },
      "dimensions": [
        5490,
        5490
      ],
      "crs": "EPSG:32630",
      "crs_transform": [
        20,
        0,
        199980,
        0,
        -20,
        4100040
      ]
    },
    {
      "id": "B12",
      "data_type": {
        "type": "PixelType",
        "precision": "float",
        "min": 0,
        "max": 6.553500175476074
      },
      "dimensions": [
        5490,
        5490
      ],
      "crs": "EPSG:32630",
      "crs_transform": [
        20,
        0,
        199980,
        0,
        -20,
        4100040
      ]
    },
    {
      "id": "AOT",
      "data_type": {
        "type": "PixelType",
        "precision": "float",
        "min": 0,
        "max": 6.553500175476074
      },
      "dimensions": [
        10980,
        10980
      ],
      "crs": "EPSG:32630",
      "crs_transform": [
        10,
        0,
        199980,
        0,
        -10,
        4100040
      ]
    },
    {
      "id": "WVP",
      "data_type": {
        "type": "PixelType",
        "precision": "float",
        "min": 0,
        "max": 6.553500175476074
      },
      "dimensions": [
        10980,
        10980
      ],
      "crs": "EPSG:32630",
      "crs_transform": [
        10,
        0,
        199980,
        0,
        -10,
        4100040
      ]
    },
    {
      "id": "SCL",
      "data_type": {
        "type": "PixelType",
        "precision": "float",
        "min": 0,
        "max": 0.02550000138580799
      },
      "dimensions": [
        5490,
        5490
      ],
      "crs": "EPSG:32630",
      "crs_transform": [
        20,
        0,
        199980,
        0,
        -20,
        4100040
      ]
    },
    {
      "id": "TCI_R",
      "data_type": {
        "type": "PixelType",
        "precision": "float",
        "min": 0,
        "max": 0.02550000138580799
      },
      "dimensions": [
        10980,
        10980
      ],
      "crs": "EPSG:32630",
      "crs_transform": [
        10,
        0,
        199980,
        0,
        -10,
        4100040
      ]
    },
    {
      "id": "TCI_G",
      "data_type": {
        "type": "PixelType",
        "precision": "float",
        "min": 0,
        "max": 0.02550000138580799
      },
      "dimensions": [
        10980,
        10980
      ],
      "crs": "EPSG:32630",
      "crs_transform": [
        10,
        0,
        199980,
        0,
        -10,
        4100040
      ]
    },
    {
      "id": "TCI_B",
      "data_type": {
        "type": "PixelType",
        "precision": "float",
        "min": 0,
        "max": 0.02550000138580799
      },
      "dimensions": [
        10980,
        10980
      ],
      "crs": "EPSG:32630",
      "crs_transform": [
        10,
        0,
        199980,
        0,
        -10,
        4100040
      ]
    },
    {
      "id": "MSK_CLDPRB",
      "data_type": {
        "type": "PixelType",
        "precision": "float",
        "min": 0,
        "max": 0.02550000138580799
      },
      "dimensions": [
        5490,
        5490
      ],
      "crs": "EPSG:32630",
      "crs_transform": [
        20,
        0,
        199980,
        0,
        -20,
        4100040
      ]
    },
    {
      "id": "MSK_SNWPRB",
      "data_type": {
        "type": "PixelType",
        "precision": "float",
        "min": 0,
        "max": 0.02550000138580799
      },
      "dimensions": [
        5490,
        5490
      ],
      "crs": "EPSG:32630",
      "crs_transform": [
        20,
        0,
        199980,
        0,
        -20,
        4100040
      ]
    },
    {
      "id": "QA10",
      "data_type": {
        "type": "PixelType",
        "precision": "float",
        "min": 0,
        "max": 6.553500175476074
      },
      "crs": "EPSG:4326",
      "crs_transform": [
        1,
        0,
        0,
        0,
        1,
        0
      ]
    },
    {
      "id": "QA20",
      "data_type": {
        "type": "PixelType",
        "precision": "float",
        "min": 0,
        "max": 429496.75
      },
      "crs": "EPSG:4326",
      "crs_transform": [
        1,
        0,
        0,
        0,
        1,
        0
      ]
    },
    {
      "id": "QA60",
      "data_type": {
        "type": "PixelType",
        "precision": "float",
        "min": 0,
        "max": 6.553500175476074
      },
      "dimensions": [
        1830,
        1830
      ],
      "crs": "EPSG:32630",
      "crs_transform": [
        60,
        0,
        199980,
        0,
        -60,
        4100040
      ]
    },
    {
      "id": "MSK_CLASSI_OPAQUE",
      "data_type": {
        "type": "PixelType",
        "precision": "float",
        "min": 0,
        "max": 0.02550000138580799
      },
      "dimensions": [
        1830,
        1830
      ],
      "crs": "EPSG:32630",
      "crs_transform": [
        60,
        0,
        199980,
        0,
        -60,
        4100040
      ]
    },
    {
      "id": "MSK_CLASSI_CIRRUS",
      "data_type": {
        "type": "PixelType",
        "precision": "float",
        "min": 0,
        "max": 0.02550000138580799
      },
      "dimensions": [
        1830,
        1830
      ],
      "crs": "EPSG:32630",
      "crs_transform": [
        60,
        0,
        199980,
        0,
        -60,
        4100040
      ]
    },
    {
      "id": "MSK_CLASSI_SNOW_ICE",
      "data_type": {
        "type": "PixelType",
        "precision": "float",
        "min": 0,
        "max": 0.02550000138580799
      },
      "dimensions": [
        1830,
        1830
      ],
      "crs": "EPSG:32630",
      "crs_transform": [
        60,
        0,
        199980,
        0,
        -60,
        4100040
      ]
    },
    {
      "id": "NDVI",
      "data_type": {
        "type": "PixelType",
        "precision": "float",
        "min": -1,
        "max": 1
      },
      "dimensions": [
        10980,
        10980
      ],
      "crs": "EPSG:32630",
      "crs_transform": [
        10,
        0,
        199980,
        0,
        -10,
        4100040
      ]
    }
  ],
  "GRANULE_MEAN_AOT": 0.257379,
  "GRANULE_MEAN_WV": 1.317943,
  "DATATAKE_TYPE": "INS-NOBS",
  "L2A_QUALITY": "PASSED",
  "system:footprint": null,
  "GENERATION_TIME": 1749050149000,
  "BOA_ADD_OFFSET_B10": -1000,
  "BOA_ADD_OFFSET_B9": -1000,
  "RADIOMETRIC_QUALITY": "PASSED",
  "CLOUD_SHADOW_PERCENTAGE": 0.042863,
  "MEAN_INCIDENCE_AZIMUTH_ANGLE_B4": 270.502435382563,
  "SOLAR_IRRADIANCE_B10": 365.41,
  "MEAN_INCIDENCE_ZENITH_ANGLE_B2": 4.75808001528616,
  "MEAN_SOLAR_ZENITH_ANGLE": 19.1384856870966,
  "GENERAL_QUALITY": "PASSED",
  "system:asset_size": 1776457110,
  "MEAN_INCIDENCE_AZIMUTH_ANGLE_B7": 270.426299663323,
  "SOLAR_IRRADIANCE_B2": 1959.75,
  "MEAN_INCIDENCE_ZENITH_ANGLE_B1": 5.177738659858,
  "NODATA_PIXEL_PERCENTAGE": 0,
  "system:time_end": 1749036068972,
  "BOA_ADD_OFFSET_B3": -1000,
  "properties": {
    "system:footprint": {
      "type": "LinearRing",
      "coordinates": [
        [
          -5.138704859841207,
          37.0273912624571
        ],
        [
          -5.138723390234264,
          37.02739372918777
        ],
        [
          -6.371322244032903,
          36.99875799598762
        ],
        [
          -6.371372502458381,
          36.99871996010184
        ],
        [
          -6.3714282820504895,
          36.99868734081898
        ],
        [
          -6.371431123806879,
          36.99867241625198
        ],
        [
          -6.360580775871604,
          36.75168666631717
        ],
        [
          -6.349862090786982,
          36.50469543253569
        ],
        [
          -6.3392732175411455,
          36.257691270966895
        ],
        [
          -6.328812388190047,
          36.010674212436655
        ],
        [
          -6.328765490591397,
          36.01063401723527
        ],
        [
          -6.328725084038104,
          36.010589345022275
        ],
        [
          -6.3287067469361995,
          36.01058708725929
        ],
        [
          -5.111655519774313,
          36.03821428925467
        ],
        [
          -5.111605201626524,
          36.0382517768253
        ],
        [
          -5.1115495575973755,
          36.03828386209364
        ],
        [
          -5.111546457431649,
          36.0382987285166
        ],
        [
          -5.1249171440670604,
          36.53282865809701
        ],
        [
          -5.13861761596903,
          37.02730565776486
        ],
        [
          -5.138664617892595,
          37.02734627157697
        ],
        [
          -5.138704859841207,
          37.0273912624571
        ]
      ]
    },
    "system:index": "20250604T110619_20250604T111834_T30STF",
    "system:bands": {
      "TCI_B": {
        "data_type": {
          "type": "PixelType",
          "precision": "float",
          "min": 0,
          "max": 0.02550000138580799
        },
        "dimensions": [
          10980,
          10980
        ],
        "crs": "EPSG:32630",
        "crs_transform": [
          10,
          0,
          199980,
          0,
          -10,
          4100040
        ]
      },
      "QA10": {
        "data_type": {
          "type": "PixelType",
          "precision": "float",
          "min": 0,
          "max": 6.553500175476074
        },
        "crs": "EPSG:4326",
        "crs_transform": [
          1,
          0,
          0,
          0,
          1,
          0
        ]
      },
      "B8A": {
        "data_type": {
          "type": "PixelType",
          "precision": "float",
          "min": 0,
          "max": 6.553500175476074
        },
        "dimensions": [
          5490,
          5490
        ],
        "crs": "EPSG:32630",
        "crs_transform": [
          20,
          0,
          199980,
          0,
          -20,
          4100040
        ]
      },
      "NDVI": {
        "data_type": {
          "type": "PixelType",
          "precision": "float",
          "min": -1,
          "max": 1
        },
        "dimensions": [
          10980,
          10980
        ],
        "crs": "EPSG:32630",
        "crs_transform": [
          10,
          0,
          199980,
          0,
          -10,
          4100040
        ]
      },
      "MSK_CLASSI_CIRRUS": {
        "data_type": {
          "type": "PixelType",
          "precision": "float",
          "min": 0,
          "max": 0.02550000138580799
        },
        "dimensions": [
          1830,
          1830
        ],
        "crs": "EPSG:32630",
        "crs_transform": [
          60,
          0,
          199980,
          0,
          -60,
          4100040
        ]
      },
      "WVP": {
        "data_type": {
          "type": "PixelType",
          "precision": "float",
          "min": 0,
          "max": 6.553500175476074
        },
        "dimensions": [
          10980,
          10980
        ],
        "crs": "EPSG:32630",
        "crs_transform": [
          10,
          0,
          199980,
          0,
          -10,
          4100040
        ]
      },
      "MSK_CLASSI_OPAQUE": {
        "data_type": {
          "type": "PixelType",
          "precision": "float",
          "min": 0,
          "max": 0.02550000138580799
        },
        "dimensions": [
          1830,
          1830
        ],
        "crs": "EPSG:32630",
        "crs_transform": [
          60,
          0,
          199980,
          0,
          -60,
          4100040
        ]
      },
      "MSK_CLASSI_SNOW_ICE": {
        "data_type": {
          "type": "PixelType",
          "precision": "float",
          "min": 0,
          "max": 0.02550000138580799
        },
        "dimensions": [
          1830,
          1830
        ],
        "crs": "EPSG:32630",
        "crs_transform": [
          60,
          0,
          199980,
          0,
          -60,
          4100040
        ]
      },
      "B11": {
        "data_type": {
          "type": "PixelType",
          "precision": "float",
          "min": 0,
          "max": 6.553500175476074
        },
        "dimensions": [
          5490,
          5490
        ],
        "crs": "EPSG:32630",
        "crs_transform": [
          20,
          0,
          199980,
          0,
          -20,
          4100040
        ]
      },
      "B12": {
        "data_type": {
          "type": "PixelType",
          "precision": "float",
          "min": 0,
          "max": 6.553500175476074
        },
        "dimensions": [
          5490,
          5490
        ],
        "crs": "EPSG:32630",
        "crs_transform": [
          20,
          0,
          199980,
          0,
          -20,
          4100040
        ]
      },
      "AOT": {
        "data_type": {
          "type": "PixelType",
          "precision": "float",
          "min": 0,
          "max": 6.553500175476074
        },
        "dimensions": [
          10980,
          10980
        ],
        "crs": "EPSG:32630",
        "crs_transform": [
          10,
          0,
          199980,
          0,
          -10,
          4100040
        ]
      },
      "QA20": {
        "data_type": {
          "type": "PixelType",
          "precision": "float",
          "min": 0,
          "max": 429496.75
        },
        "crs": "EPSG:4326",
        "crs_transform": [
          1,
          0,
          0,
          0,
          1,
          0
        ]
      },
      "MSK_CLDPRB": {
        "data_type": {
          "type": "PixelType",
          "precision": "float",
          "min": 0,
          "max": 0.02550000138580799
        },
        "dimensions": [
          5490,
          5490
        ],
        "crs": "EPSG:32630",
        "crs_transform": [
          20,
          0,
          199980,
          0,
          -20,
          4100040
        ]
      },
      "B1": {
        "data_type": {
          "type": "PixelType",
          "precision": "float",
          "min": 0,
          "max": 6.553500175476074
        },
        "dimensions": [
          1830,
          1830
        ],
        "crs": "EPSG:32630",
        "crs_transform": [
          60,
          0,
          199980,
          0,
          -60,
          4100040
        ]
      },
      "QA60": {
        "data_type": {
          "type": "PixelType",
          "precision": "float",
          "min": 0,
          "max": 6.553500175476074
        },
        "dimensions": [
          1830,
          1830
        ],
        "crs": "EPSG:32630",
        "crs_transform": [
          60,
          0,
          199980,
          0,
          -60,
          4100040
        ]
      },
      "B2": {
        "data_type": {
          "type": "PixelType",
          "precision": "float",
          "min": 0,
          "max": 6.553500175476074
        },
        "dimensions": [
          10980,
          10980
        ],
        "crs": "EPSG:32630",
        "crs_transform": [
          10,
          0,
          199980,
          0,
          -10,
          4100040
        ]
      },
      "B3": {
        "data_type": {
          "type": "PixelType",
          "precision": "float",
          "min": 0,
          "max": 6.553500175476074
        },
        "dimensions": [
          10980,
          10980
        ],
        "crs": "EPSG:32630",
        "crs_transform": [
          10,
          0,
          199980,
          0,
          -10,
          4100040
        ]
      },
      "B4": {
        "data_type": {
          "type": "PixelType",
          "precision": "float",
          "min": 0,
          "max": 6.553500175476074
        },
        "dimensions": [
          10980,
          10980
        ],
        "crs": "EPSG:32630",
        "crs_transform": [
          10,
          0,
          199980,
          0,
          -10,
          4100040
        ]
      },
      "TCI_R": {
        "data_type": {
          "type": "PixelType",
          "precision": "float",
          "min": 0,
          "max": 0.02550000138580799
        },
        "dimensions": [
          10980,
          10980
        ],
        "crs": "EPSG:32630",
        "crs_transform": [
          10,
          0,
          199980,
          0,
          -10,
          4100040
        ]
      },
      "B5": {
        "data_type": {
          "type": "PixelType",
          "precision": "float",
          "min": 0,
          "max": 6.553500175476074
        },
        "dimensions": [
          5490,
          5490
        ],
        "crs": "EPSG:32630",
        "crs_transform": [
          20,
          0,
          199980,
          0,
          -20,
          4100040
        ]
      },
      "B6": {
        "data_type": {
          "type": "PixelType",
          "precision": "float",
          "min": 0,
          "max": 6.553500175476074
        },
        "dimensions": [
          5490,
          5490
        ],
        "crs": "EPSG:32630",
        "crs_transform": [
          20,
          0,
          199980,
          0,
          -20,
          4100040
        ]
      },
      "B7": {
        "data_type": {
          "type": "PixelType",
          "precision": "float",
          "min": 0,
          "max": 6.553500175476074
        },
        "dimensions": [
          5490,
          5490
        ],
        "crs": "EPSG:32630",
        "crs_transform": [
          20,
          0,
          199980,
          0,
          -20,
          4100040
        ]
      },
      "B8": {
        "data_type": {
          "type": "PixelType",
          "precision": "float",
          "min": 0,
          "max": 6.553500175476074
        },
        "dimensions": [
          10980,
          10980
        ],
        "crs": "EPSG:32630",
        "crs_transform": [
          10,
          0,
          199980,
          0,
          -10,
          4100040
        ]
      },
      "B9": {
        "data_type": {
          "type": "PixelType",
          "precision": "float",
          "min": 0,
          "max": 6.553500175476074
        },
        "dimensions": [
          1830,
          1830
        ],
        "crs": "EPSG:32630",
        "crs_transform": [
          60,
          0,
          199980,
          0,
          -60,
          4100040
        ]
      },
      "MSK_SNWPRB": {
        "data_type": {
          "type": "PixelType",
          "precision": "float",
          "min": 0,
          "max": 0.02550000138580799
        },
        "dimensions": [
          5490,
          5490
        ],
        "crs": "EPSG:32630",
        "crs_transform": [
          20,
          0,
          199980,
          0,
          -20,
          4100040
        ]
      },
      "SCL": {
        "data_type": {
          "type": "PixelType",
          "precision": "float",
          "min": 0,
          "max": 0.02550000138580799
        },
        "dimensions": [
          5490,
          5490
        ],
        "crs": "EPSG:32630",
        "crs_transform": [
          20,
          0,
          199980,
          0,
          -20,
          4100040
        ]
      },
      "TCI_G": {
        "data_type": {
          "type": "PixelType",
          "precision": "float",
          "min": 0,
          "max": 0.02550000138580799
        },
        "dimensions": [
          10980,
          10980
        ],
        "crs": "EPSG:32630",
        "crs_transform": [
          10,
          0,
          199980,
          0,
          -10,
          4100040
        ]
      }
    },
    "system:band_names": [
      "B1",
      "B2",
      "B3",
      "B4",
      "B5",
      "B6",
      "B7",
      "B8",
      "B8A",
      "B9",
      "B11",
      "B12",
      "AOT",
      "WVP",
      "SCL",
      "TCI_R",
      "TCI_G",
      "TCI_B",
      "MSK_CLDPRB",
      "MSK_SNWPRB",
      "QA10",
      "QA20",
      "QA60",
      "MSK_CLASSI_OPAQUE",
      "MSK_CLASSI_CIRRUS",
      "MSK_CLASSI_SNOW_ICE",
      "NDVI"
    ]
  },
  "SENSOR_QUALITY": "PASSED",
  "SPACECRAFT_NAME": "Sentinel-2B",
  "system:bands_merged": {
    "B1": {
      "id": "B1",
      "data_type": {
        "type": "PixelType",
        "precision": "float",
        "min": 0,
        "max": 6.553500175476074
      },
      "dimensions": [
        1830,
        1830
      ],
      "crs": "EPSG:32630",
      "crs_transform": [
        60,
        0,
        199980,
        0,
        -60,
        4100040
      ]
    },
    "B2": {
      "id": "B2",
      "data_type": {
        "type": "PixelType",
        "precision": "float",
        "min": 0,
        "max": 6.553500175476074
      },
      "dimensions": [
        10980,
        10980
      ],
      "crs": "EPSG:32630",
      "crs_transform": [
        10,
        0,
        199980,
        0,
        -10,
        4100040
      ]
    },
    "B3": {
      "id": "B3",
      "data_type": {
        "type": "PixelType",
        "precision": "float",
        "min": 0,
        "max": 6.553500175476074
      },
      "dimensions": [
        10980,
        10980
      ],
      "crs": "EPSG:32630",
      "crs_transform": [
        10,
        0,
        199980,
        0,
        -10,
        4100040
      ]
    },
    "B4": {
      "id": "B4",
      "data_type": {
        "type": "PixelType",
        "precision": "float",
        "min": 0,
        "max": 6.553500175476074
      },
      "dimensions": [
        10980,
        10980
      ],
      "crs": "EPSG:32630",
      "crs_transform": [
        10,
        0,
        199980,
        0,
        -10,
        4100040
      ]
    },
    "B5": {
      "id": "B5",
      "data_type": {
        "type": "PixelType",
        "precision": "float",
        "min": 0,
        "max": 6.553500175476074
      },
      "dimensions": [
        5490,
        5490
      ],
      "crs": "EPSG:32630",
      "crs_transform": [
        20,
        0,
        199980,
        0,
        -20,
        4100040
      ]
    },
    "B6": {
      "id": "B6",
      "data_type": {
        "type": "PixelType",
        "precision": "float",
        "min": 0,
        "max": 6.553500175476074
      },
      "dimensions": [
        5490,
        5490
      ],
      "crs": "EPSG:32630",
      "crs_transform": [
        20,
        0,
        199980,
        0,
        -20,
        4100040
      ]
    },
    "B7": {
      "id": "B7",
      "data_type": {
        "type": "PixelType",
        "precision": "float",
        "min": 0,
        "max": 6.553500175476074
      },
      "dimensions": [
        5490,
        5490
      ],
      "crs": "EPSG:32630",
      "crs_transform": [
        20,
        0,
        199980,
        0,
        -20,
        4100040
      ]
    },
    "B8": {
      "id": "B8",
      "data_type": {
        "type": "PixelType",
        "precision": "float",
        "min": 0,
        "max": 6.553500175476074
      },
      "dimensions": [
        10980,
        10980
      ],
      "crs": "EPSG:32630",
      "crs_transform": [
        10,
        0,
        199980,
        0,
        -10,
        4100040
      ]
    },
    "B8A": {
      "id": "B8A",
      "data_type": {
        "type": "PixelType",
        "precision": "float",
        "min": 0,
        "max": 6.553500175476074
      },
      "dimensions": [
        5490,
        5490
      ],
      "crs": "EPSG:32630",
      "crs_transform": [
        20,
        0,
        199980,
        0,
        -20,
        4100040
      ]
    },
    "B9": {
      "id": "B9",
      "data_type": {
        "type": "PixelType",
        "precision": "float",
        "min": 0,
        "max": 6.553500175476074
      },
      "dimensions": [
        1830,
        1830
      ],
      "crs": "EPSG:32630",
      "crs_transform": [
        60,
        0,
        199980,
        0,
        -60,
        4100040
      ]
    },
    "B11": {
      "id": "B11",
      "data_type": {
        "type": "PixelType",
        "precision": "float",
        "min": 0,
        "max": 6.553500175476074
      },
      "dimensions": [
        5490,
        5490
      ],
      "crs": "EPSG:32630",
      "crs_transform": [
        20,
        0,
        199980,
        0,
        -20,
        4100040
      ]
    },
    "B12": {
      "id": "B12",
      "data_type": {
        "type": "PixelType",
        "precision": "float",
        "min": 0,
        "max": 6.553500175476074
      },
      "dimensions": [
        5490,
        5490
      ],
      "crs": "EPSG:32630",
      "crs_transform": [
        20,
        0,
        199980,
        0,
        -20,
        4100040
      ]
    },
    "AOT": {
      "id": "AOT",
      "data_type": {
        "type": "PixelType",
        "precision": "float",
        "min": 0,
        "max": 6.553500175476074
      },
      "dimensions": [
        10980,
        10980
      ],
      "crs": "EPSG:32630",
      "crs_transform": [
        10,
        0,
        199980,
        0,
        -10,
        4100040
      ]
    },
    "WVP": {
      "id": "WVP",
      "data_type": {
        "type": "PixelType",
        "precision": "float",
        "min": 0,
        "max": 6.553500175476074
      },
      "dimensions": [
        10980,
        10980
      ],
      "crs": "EPSG:32630",
      "crs_transform": [
        10,
        0,
        199980,
        0,
        -10,
        4100040
      ]
    },
    "SCL": {
      "id": "SCL",
      "data_type": {
        "type": "PixelType",
        "precision": "float",
        "min": 0,
        "max": 0.02550000138580799
      },
      "dimensions": [
        5490,
        5490
      ],
      "crs": "EPSG:32630",
      "crs_transform": [
        20,
        0,
        199980,
        0,
        -20,
        4100040
      ]
    },
    "TCI_R": {
      "id": "TCI_R",
      "data_type": {
        "type": "PixelType",
        "precision": "float",
        "min": 0,
        "max": 0.02550000138580799
      },
      "dimensions": [
        10980,
        10980
      ],
      "crs": "EPSG:32630",
      "crs_transform": [
        10,
        0,
        199980,
        0,
        -10,
        4100040
      ]
    },
    "TCI_G": {
      "id": "TCI_G",
      "data_type": {
        "type": "PixelType",
        "precision": "float",
        "min": 0,
        "max": 0.02550000138580799
      },
      "dimensions": [
        10980,
        10980
      ],
      "crs": "EPSG:32630",
      "crs_transform": [
        10,
        0,
        199980,
        0,
        -10,
        4100040
      ]
    },
    "TCI_B": {
      "id": "TCI_B",
      "data_type": {
        "type": "PixelType",
        "precision": "float",
        "min": 0,
        "max": 0.02550000138580799
      },
      "dimensions": [
        10980,
        10980
      ],
      "crs": "EPSG:32630",
      "crs_transform": [
        10,
        0,
        199980,
        0,
        -10,
        4100040
      ]
    },
    "MSK_CLDPRB": {
      "id": "MSK_CLDPRB",
      "data_type": {
        "type": "PixelType",
        "precision": "float",
        "min": 0,
        "max": 0.02550000138580799
      },
      "dimensions": [
        5490,
        5490
      ],
      "crs": "EPSG:32630",
      "crs_transform": [
        20,
        0,
        199980,
        0,
        -20,
        4100040
      ]
    },
    "MSK_SNWPRB": {
      "id": "MSK_SNWPRB",
      "data_type": {
        "type": "PixelType",
        "precision": "float",
        "min": 0,
        "max": 0.02550000138580799
      },
      "dimensions": [
        5490,
        5490
      ],
      "crs": "EPSG:32630",
      "crs_transform": [
        20,
        0,
        199980,
        0,
        -20,
        4100040
      ]
    },
    "QA10": {
      "id": "QA10",
      "data_type": {
        "type": "PixelType",
        "precision": "float",
        "min": 0,
        "max": 6.553500175476074
      },
      "crs": "EPSG:4326",
      "crs_transform": [
        1,
        0,
        0,
        0,
        1,
        0
      ]
    },
    "QA20": {
      "id": "QA20",
      "data_type": {
        "type": "PixelType",
        "precision": "float",
        "min": 0,
        "max": 429496.75
      },
      "crs": "EPSG:4326",
      "crs_transform": [
        1,
        0,
        0,
        0,
        1,
        0
      ]
    },
    "QA60": {
      "id": "QA60",
      "data_type": {
        "type": "PixelType",
        "precision": "float",
        "min": 0,
        "max": 6.553500175476074
      },
      "dimensions": [
        1830,
        1830
      ],
      "crs": "EPSG:32630",
      "crs_transform": [
        60,
        0,
        199980,
        0,
        -60,
        4100040
      ]
    },
    "MSK_CLASSI_OPAQUE": {
      "id": "MSK_CLASSI_OPAQUE",
      "data_type": {
        "type": "PixelType",
        "precision": "float",
        "min": 0,
        "max": 0.02550000138580799
      },
      "dimensions": [
        1830,
        1830
      ],
      "crs": "EPSG:32630",
      "crs_transform": [
        60,
        0,
        199980,
        0,
        -60,
        4100040
      ]
    },
    "MSK_CLASSI_CIRRUS": {
      "id": "MSK_CLASSI_CIRRUS",
      "data_type": {
        "type": "PixelType",
        "precision": "float",
        "min": 0,
        "max": 0.02550000138580799
      },
      "dimensions": [
        1830,
        1830
      ],
      "crs": "EPSG:32630",
      "crs_transform": [
        60,
        0,
        199980,
        0,
        -60,
        4100040
      ]
    },
    "MSK_CLASSI_SNOW_ICE": {
      "id": "MSK_CLASSI_SNOW_ICE",
      "data_type": {
        "type": "PixelType",
        "precision": "float",
        "min": 0,
        "max": 0.02550000138580799
      },
      "dimensions": [
        1830,
        1830
      ],
      "crs": "EPSG:32630",
      "crs_transform": [
        60,
        0,
        199980,
        0,
        -60,
        4100040
      ]
    },
    "NDVI": {
      "id": "NDVI",
      "data_type": {
        "type": "PixelType",
        "precision": "float",
        "min": -1,
        "max": 1
      },
      "dimensions": [
        10980,
        10980
      ],
      "crs": "EPSG:32630",
      "crs_transform": [
        10,
        0,
        199980,
        0,
        -10,
        4100040
      ]
    }
  },
  "system:band_names_merged": [
    "B1",
    "B2",
    "B3",
    "B4",
    "B5",
    "B6",
    "B7",
    "B8",
    "B8A",
    "B9",
    "B11",
    "B12",
    "AOT",
    "WVP",
    "SCL",
    "TCI_R",
    "TCI_G",
    "TCI_B",
    "MSK_CLDPRB",
    "MSK_SNWPRB",
    "QA10",
    "QA20",
    "QA60",
    "MSK_CLASSI_OPAQUE",
    "MSK_CLASSI_CIRRUS",
    "MSK_CLASSI_SNOW_ICE",
    "NDVI"
  ],
  "_conflicts": {
    "/system:bands": {
      "kept_from_full": [
        {
          "id": "B1",
          "data_type": {
            "type": "PixelType",
            "precision": "float",
            "min": 0,
            "max": 6.553500175476074
          },
          "dimensions": [
            1830,
            1830
          ],
          "crs": "EPSG:32630",
          "crs_transform": [
            60,
            0,
            199980,
            0,
            -60,
            4100040
          ]
        },
        {
          "id": "B2",
          "data_type": {
            "type": "PixelType",
            "precision": "float",
            "min": 0,
            "max": 6.553500175476074
          },
          "dimensions": [
            10980,
            10980
          ],
          "crs": "EPSG:32630",
          "crs_transform": [
            10,
            0,
            199980,
            0,
            -10,
            4100040
          ]
        },
        {
          "id": "B3",
          "data_type": {
            "type": "PixelType",
            "precision": "float",
            "min": 0,
            "max": 6.553500175476074
          },
          "dimensions": [
            10980,
            10980
          ],
          "crs": "EPSG:32630",
          "crs_transform": [
            10,
            0,
            199980,
            0,
            -10,
            4100040
          ]
        },
        {
          "id": "B4",
          "data_type": {
            "type": "PixelType",
            "precision": "float",
            "min": 0,
            "max": 6.553500175476074
          },
          "dimensions": [
            10980,
            10980
          ],
          "crs": "EPSG:32630",
          "crs_transform": [
            10,
            0,
            199980,
            0,
            -10,
            4100040
          ]
        },
        {
          "id": "B5",
          "data_type": {
            "type": "PixelType",
            "precision": "float",
            "min": 0,
            "max": 6.553500175476074
          },
          "dimensions": [
            5490,
            5490
          ],
          "crs": "EPSG:32630",
          "crs_transform": [
            20,
            0,
            199980,
            0,
            -20,
            4100040
          ]
        },
        {
          "id": "B6",
          "data_type": {
            "type": "PixelType",
            "precision": "float",
            "min": 0,
            "max": 6.553500175476074
          },
          "dimensions": [
            5490,
            5490
          ],
          "crs": "EPSG:32630",
          "crs_transform": [
            20,
            0,
            199980,
            0,
            -20,
            4100040
          ]
        },
        {
          "id": "B7",
          "data_type": {
            "type": "PixelType",
            "precision": "float",
            "min": 0,
            "max": 6.553500175476074
          },
          "dimensions": [
            5490,
            5490
          ],
          "crs": "EPSG:32630",
          "crs_transform": [
            20,
            0,
            199980,
            0,
            -20,
            4100040
          ]
        },
        {
          "id": "B8",
          "data_type": {
            "type": "PixelType",
            "precision": "float",
            "min": 0,
            "max": 6.553500175476074
          },
          "dimensions": [
            10980,
            10980
          ],
          "crs": "EPSG:32630",
          "crs_transform": [
            10,
            0,
            199980,
            0,
            -10,
            4100040
          ]
        },
        {
          "id": "B8A",
          "data_type": {
            "type": "PixelType",
            "precision": "float",
            "min": 0,
            "max": 6.553500175476074
          },
          "dimensions": [
            5490,
            5490
          ],
          "crs": "EPSG:32630",
          "crs_transform": [
            20,
            0,
            199980,
            0,
            -20,
            4100040
          ]
        },
        {
          "id": "B9",
          "data_type": {
            "type": "PixelType",
            "precision": "float",
            "min": 0,
            "max": 6.553500175476074
          },
          "dimensions": [
            1830,
            1830
          ],
          "crs": "EPSG:32630",
          "crs_transform": [
            60,
            0,
            199980,
            0,
            -60,
            4100040
          ]
        },
        {
          "id": "B11",
          "data_type": {
            "type": "PixelType",
            "precision": "float",
            "min": 0,
            "max": 6.553500175476074
          },
          "dimensions": [
            5490,
            5490
          ],
          "crs": "EPSG:32630",
          "crs_transform": [
            20,
            0,
            199980,
            0,
            -20,
            4100040
          ]
        },
        {
          "id": "B12",
          "data_type": {
            "type": "PixelType",
            "precision": "float",
            "min": 0,
            "max": 6.553500175476074
          },
          "dimensions": [
            5490,
            5490
          ],
          "crs": "EPSG:32630",
          "crs_transform": [
            20,
            0,
            199980,
            0,
            -20,
            4100040
          ]
        },
        {
          "id": "AOT",
          "data_type": {
            "type": "PixelType",
            "precision": "float",
            "min": 0,
            "max": 6.553500175476074
          },
          "dimensions": [
            10980,
            10980
          ],
          "crs": "EPSG:32630",
          "crs_transform": [
            10,
            0,
            199980,
            0,
            -10,
            4100040
          ]
        },
        {
          "id": "WVP",
          "data_type": {
            "type": "PixelType",
            "precision": "float",
            "min": 0,
            "max": 6.553500175476074
          },
          "dimensions": [
            10980,
            10980
          ],
          "crs": "EPSG:32630",
          "crs_transform": [
            10,
            0,
            199980,
            0,
            -10,
            4100040
          ]
        },
        {
          "id": "SCL",
          "data_type": {
            "type": "PixelType",
            "precision": "float",
            "min": 0,
            "max": 0.02550000138580799
          },
          "dimensions": [
            5490,
            5490
          ],
          "crs": "EPSG:32630",
          "crs_transform": [
            20,
            0,
            199980,
            0,
            -20,
            4100040
          ]
        },
        {
          "id": "TCI_R",
          "data_type": {
            "type": "PixelType",
            "precision": "float",
            "min": 0,
            "max": 0.02550000138580799
          },
          "dimensions": [
            10980,
            10980
          ],
          "crs": "EPSG:32630",
          "crs_transform": [
            10,
            0,
            199980,
            0,
            -10,
            4100040
          ]
        },
        {
          "id": "TCI_G",
          "data_type": {
            "type": "PixelType",
            "precision": "float",
            "min": 0,
            "max": 0.02550000138580799
          },
          "dimensions": [
            10980,
            10980
          ],
          "crs": "EPSG:32630",
          "crs_transform": [
            10,
            0,
            199980,
            0,
            -10,
            4100040
          ]
        },
        {
          "id": "TCI_B",
          "data_type": {
            "type": "PixelType",
            "precision": "float",
            "min": 0,
            "max": 0.02550000138580799
          },
          "dimensions": [
            10980,
            10980
          ],
          "crs": "EPSG:32630",
          "crs_transform": [
            10,
            0,
            199980,
            0,
            -10,
            4100040
          ]
        },
        {
          "id": "MSK_CLDPRB",
          "data_type": {
            "type": "PixelType",
            "precision": "float",
            "min": 0,
            "max": 0.02550000138580799
          },
          "dimensions": [
            5490,
            5490
          ],
          "crs": "EPSG:32630",
          "crs_transform": [
            20,
            0,
            199980,
            0,
            -20,
            4100040
          ]
        },
        {
          "id": "MSK_SNWPRB",
          "data_type": {
            "type": "PixelType",
            "precision": "float",
            "min": 0,
            "max": 0.02550000138580799
          },
          "dimensions": [
            5490,
            5490
          ],
          "crs": "EPSG:32630",
          "crs_transform": [
            20,
            0,
            199980,
            0,
            -20,
            4100040
          ]
        },
        {
          "id": "QA10",
          "data_type": {
            "type": "PixelType",
            "precision": "float",
            "min": 0,
            "max": 6.553500175476074
          },
          "crs": "EPSG:4326",
          "crs_transform": [
            1,
            0,
            0,
            0,
            1,
            0
          ]
        },
        {
          "id": "QA20",
          "data_type": {
            "type": "PixelType",
            "precision": "float",
            "min": 0,
            "max": 429496.75
          },
          "crs": "EPSG:4326",
          "crs_transform": [
            1,
            0,
            0,
            0,
            1,
            0
          ]
        },
        {
          "id": "QA60",
          "data_type": {
            "type": "PixelType",
            "precision": "float",
            "min": 0,
            "max": 6.553500175476074
          },
          "dimensions": [
            1830,
            1830
          ],
          "crs": "EPSG:32630",
          "crs_transform": [
            60,
            0,
            199980,
            0,
            -60,
            4100040
          ]
        },
        {
          "id": "MSK_CLASSI_OPAQUE",
          "data_type": {
            "type": "PixelType",
            "precision": "float",
            "min": 0,
            "max": 0.02550000138580799
          },
          "dimensions": [
            1830,
            1830
          ],
          "crs": "EPSG:32630",
          "crs_transform": [
            60,
            0,
            199980,
            0,
            -60,
            4100040
          ]
        },
        {
          "id": "MSK_CLASSI_CIRRUS",
          "data_type": {
            "type": "PixelType",
            "precision": "float",
            "min": 0,
            "max": 0.02550000138580799
          },
          "dimensions": [
            1830,
            1830
          ],
          "crs": "EPSG:32630",
          "crs_transform": [
            60,
            0,
            199980,
            0,
            -60,
            4100040
          ]
        },
        {
          "id": "MSK_CLASSI_SNOW_ICE",
          "data_type": {
            "type": "PixelType",
            "precision": "float",
            "min": 0,
            "max": 0.02550000138580799
          },
          "dimensions": [
            1830,
            1830
          ],
          "crs": "EPSG:32630",
          "crs_transform": [
            60,
            0,
            199980,
            0,
            -60,
            4100040
          ]
        },
        {
          "id": "NDVI",
          "data_type": {
            "type": "PixelType",
            "precision": "float",
            "min": -1,
            "max": 1
          },
          "dimensions": [
            10980,
            10980
          ],
          "crs": "EPSG:32630",
          "crs_transform": [
            10,
            0,
            199980,
            0,
            -10,
            4100040
          ]
        }
      ],
      "other_from_raw": {
        "TCI_B": {
          "data_type": {
            "type": "PixelType",
            "precision": "int",
            "min": 0,
            "max": 255
          },
          "dimensions": [
            10980,
            10980
          ],
          "crs": "EPSG:32630",
          "crs_transform": [
            10,
            0,
            199980,
            0,
            -10,
            4100040
          ]
        },
        "QA10": {
          "data_type": {
            "type": "PixelType",
            "precision": "int",
            "min": 0,
            "max": 65535
          },
          "crs": "EPSG:4326",
          "crs_transform": [
            1,
            0,
            0,
            0,
            1,
            0
          ]
        },
        "B8A": {
          "data_type": {
            "type": "PixelType",
            "precision": "int",
            "min": 0,
            "max": 65535
          },
          "dimensions": [
            5490,
            5490
          ],
          "crs": "EPSG:32630",
          "crs_transform": [
            20,
            0,
            199980,
            0,
            -20,
            4100040
          ]
        },
        "MSK_CLASSI_CIRRUS": {
          "data_type": {
            "type": "PixelType",
            "precision": "int",
            "min": 0,
            "max": 255
          },
          "dimensions": [
            1830,
            1830
          ],
          "crs": "EPSG:32630",
          "crs_transform": [
            60,
            0,
            199980,
            0,
            -60,
            4100040
          ]
        },
        "WVP": {
          "data_type": {
            "type": "PixelType",
            "precision": "int",
            "min": 0,
            "max": 65535
          },
          "dimensions": [
            10980,
            10980
          ],
          "crs": "EPSG:32630",
          "crs_transform": [
            10,
            0,
            199980,
            0,
            -10,
            4100040
          ]
        },
        "MSK_CLASSI_OPAQUE": {
          "data_type": {
            "type": "PixelType",
            "precision": "int",
            "min": 0,
            "max": 255
          },
          "dimensions": [
            1830,
            1830
          ],
          "crs": "EPSG:32630",
          "crs_transform": [
            60,
            0,
            199980,
            0,
            -60,
            4100040
          ]
        },
        "MSK_CLASSI_SNOW_ICE": {
          "data_type": {
            "type": "PixelType",
            "precision": "int",
            "min": 0,
            "max": 255
          },
          "dimensions": [
            1830,
            1830
          ],
          "crs": "EPSG:32630",
          "crs_transform": [
            60,
            0,
            199980,
            0,
            -60,
            4100040
          ]
        },
        "B11": {
          "data_type": {
            "type": "PixelType",
            "precision": "int",
            "min": 0,
            "max": 65535
          },
          "dimensions": [
            5490,
            5490
          ],
          "crs": "EPSG:32630",
          "crs_transform": [
            20,
            0,
            199980,
            0,
            -20,
            4100040
          ]
        },
        "B12": {
          "data_type": {
            "type": "PixelType",
            "precision": "int",
            "min": 0,
            "max": 65535
          },
          "dimensions": [
            5490,
            5490
          ],
          "crs": "EPSG:32630",
          "crs_transform": [
            20,
            0,
            199980,
            0,
            -20,
            4100040
          ]
        },
        "AOT": {
          "data_type": {
            "type": "PixelType",
            "precision": "int",
            "min": 0,
            "max": 65535
          },
          "dimensions": [
            10980,
            10980
          ],
          "crs": "EPSG:32630",
          "crs_transform": [
            10,
            0,
            199980,
            0,
            -10,
            4100040
          ]
        },
        "QA20": {
          "data_type": {
            "type": "PixelType",
            "precision": "int",
            "min": 0,
            "max": 4294967295
          },
          "crs": "EPSG:4326",
          "crs_transform": [
            1,
            0,
            0,
            0,
            1,
            0
          ]
        },
        "MSK_CLDPRB": {
          "data_type": {
            "type": "PixelType",
            "precision": "int",
            "min": 0,
            "max": 255
          },
          "dimensions": [
            5490,
            5490
          ],
          "crs": "EPSG:32630",
          "crs_transform": [
            20,
            0,
            199980,
            0,
            -20,
            4100040
          ]
        },
        "B1": {
          "data_type": {
            "type": "PixelType",
            "precision": "int",
            "min": 0,
            "max": 65535
          },
          "dimensions": [
            1830,
            1830
          ],
          "crs": "EPSG:32630",
          "crs_transform": [
            60,
            0,
            199980,
            0,
            -60,
            4100040
          ]
        },
        "QA60": {
          "data_type": {
            "type": "PixelType",
            "precision": "int",
            "min": 0,
            "max": 65535
          },
          "dimensions": [
            1830,
            1830
          ],
          "crs": "EPSG:32630",
          "crs_transform": [
            60,
            0,
            199980,
            0,
            -60,
            4100040
          ]
        },
        "B2": {
          "data_type": {
            "type": "PixelType",
            "precision": "int",
            "min": 0,
            "max": 65535
          },
          "dimensions": [
            10980,
            10980
          ],
          "crs": "EPSG:32630",
          "crs_transform": [
            10,
            0,
            199980,
            0,
            -10,
            4100040
          ]
        },
        "B3": {
          "data_type": {
            "type": "PixelType",
            "precision": "int",
            "min": 0,
            "max": 65535
          },
          "dimensions": [
            10980,
            10980
          ],
          "crs": "EPSG:32630",
          "crs_transform": [
            10,
            0,
            199980,
            0,
            -10,
            4100040
          ]
        },
        "B4": {
          "data_type": {
            "type": "PixelType",
            "precision": "int",
            "min": 0,
            "max": 65535
          },
          "dimensions": [
            10980,
            10980
          ],
          "crs": "EPSG:32630",
          "crs_transform": [
            10,
            0,
            199980,
            0,
            -10,
            4100040
          ]
        },
        "TCI_R": {
          "data_type": {
            "type": "PixelType",
            "precision": "int",
            "min": 0,
            "max": 255
          },
          "dimensions": [
            10980,
            10980
          ],
          "crs": "EPSG:32630",
          "crs_transform": [
            10,
            0,
            199980,
            0,
            -10,
            4100040
          ]
        },
        "B5": {
          "data_type": {
            "type": "PixelType",
            "precision": "int",
            "min": 0,
            "max": 65535
          },
          "dimensions": [
            5490,
            5490
          ],
          "crs": "EPSG:32630",
          "crs_transform": [
            20,
            0,
            199980,
            0,
            -20,
            4100040
          ]
        },
        "B6": {
          "data_type": {
            "type": "PixelType",
            "precision": "int",
            "min": 0,
            "max": 65535
          },
          "dimensions": [
            5490,
            5490
          ],
          "crs": "EPSG:32630",
          "crs_transform": [
            20,
            0,
            199980,
            0,
            -20,
            4100040
          ]
        },
        "B7": {
          "data_type": {
            "type": "PixelType",
            "precision": "int",
            "min": 0,
            "max": 65535
          },
          "dimensions": [
            5490,
            5490
          ],
          "crs": "EPSG:32630",
          "crs_transform": [
            20,
            0,
            199980,
            0,
            -20,
            4100040
          ]
        },
        "B8": {
          "data_type": {
            "type": "PixelType",
            "precision": "int",
            "min": 0,
            "max": 65535
          },
          "dimensions": [
            10980,
            10980
          ],
          "crs": "EPSG:32630",
          "crs_transform": [
            10,
            0,
            199980,
            0,
            -10,
            4100040
          ]
        },
        "B9": {
          "data_type": {
            "type": "PixelType",
            "precision": "int",
            "min": 0,
            "max": 65535
          },
          "dimensions": [
            1830,
            1830
          ],
          "crs": "EPSG:32630",
          "crs_transform": [
            60,
            0,
            199980,
            0,
            -60,
            4100040
          ]
        },
        "MSK_SNWPRB": {
          "data_type": {
            "type": "PixelType",
            "precision": "int",
            "min": 0,
            "max": 255
          },
          "dimensions": [
            5490,
            5490
          ],
          "crs": "EPSG:32630",
          "crs_transform": [
            20,
            0,
            199980,
            0,
            -20,
            4100040
          ]
        },
        "SCL": {
          "data_type": {
            "type": "PixelType",
            "precision": "int",
            "min": 0,
            "max": 255
          },
          "dimensions": [
            5490,
            5490
          ],
          "crs": "EPSG:32630",
          "crs_transform": [
            20,
            0,
            199980,
            0,
            -20,
            4100040
          ]
        },
        "TCI_G": {
          "data_type": {
            "type": "PixelType",
            "precision": "int",
            "min": 0,
            "max": 255
          },
          "dimensions": [
            10980,
            10980
          ],
          "crs": "EPSG:32630",
          "crs_transform": [
            10,
            0,
            199980,
            0,
            -10,
            4100040
          ]
        }
      }
    },
    "/system:footprint": {
      "kept_from_full": null,
      "other_from_raw": {
        "type": "LinearRing",
        "coordinates": [
          [
            -5.138704859841207,
            37.0273912624571
          ],
          [
            -5.138723390234264,
            37.02739372918777
          ],
          [
            -6.371322244032903,
            36.99875799598762
          ],
          [
            -6.371372502458381,
            36.99871996010184
          ],
          [
            -6.3714282820504895,
            36.99868734081898
          ],
          [
            -6.371431123806879,
            36.99867241625198
          ],
          [
            -6.360580775871604,
            36.75168666631717
          ],
          [
            -6.349862090786982,
            36.50469543253569
          ],
          [
            -6.3392732175411455,
            36.257691270966895
          ],
          [
            -6.328812388190047,
            36.010674212436655
          ],
          [
            -6.328765490591397,
            36.01063401723527
          ],
          [
            -6.328725084038104,
            36.010589345022275
          ],
          [
            -6.3287067469361995,
            36.01058708725929
          ],
          [
            -5.111655519774313,
            36.03821428925467
          ],
          [
            -5.111605201626524,
            36.0382517768253
          ],
          [
            -5.1115495575973755,
            36.03828386209364
          ],
          [
            -5.111546457431649,
            36.0382987285166
          ],
          [
            -5.1249171440670604,
            36.53282865809701
          ],
          [
            -5.13861761596903,
            37.02730565776486
          ],
          [
            -5.138664617892595,
            37.02734627157697
          ],
          [
            -5.138704859841207,
            37.0273912624571
          ]
        ]
      }
    }
  }
}