{
  "MEAN_INCIDENCE_AZIMUTH_ANGLE_B12": 174.436060937432,
  "MEAN_INCIDENCE_AZIMUTH_ANGLE_B9": 174.273027430935,
  "NOT_VEGETATED_PERCENTAGE": 44.4893,
  "MEAN_INCIDENCE_ZENITH_ANGLE_B8A": 2.97352778423506,
  "MEAN_INCIDENCE_AZIMUTH_ANGLE_B11": 174.923938379154,
  "MEAN_INCIDENCE_ZENITH_ANGLE_B10": 2.61481576939928,
  "WATER_VAPOUR_RETRIEVAL_ACCURACY": 0,
  "MEAN_INCIDENCE_AZIMUTH_ANGLE_B8": 177.838277207022,
  "BOA_ADD_OFFSET_B5": -1000,
  "DATASTRIP_ID": "S2B_OPER_MSI_L2A_DS_2BPS_20250607T133245_S20250607T112112_N05.11",
  "GEOMETRIC_QUALITY": "PASSED",
  "BOA_ADD_OFFSET_B11": -1000,
  "SOLAR_IRRADIANCE_B9": 817.58,
  "MEAN_INCIDENCE_ZENITH_ANGLE_B4": 2.65130558269847,
  "DEGRADED_MSI_DATA_PERCENTAGE": 0.0075,
  "MEAN_INCIDENCE_ZENITH_ANGLE_B9": 3.161436413646,
  "MEAN_INCIDENCE_AZIMUTH_ANGLE_B10": 175.953002829555,
  "BOA_ADD_OFFSET_B7": -1000,
  "THIN_CIRRUS_PERCENTAGE": 0.031018,
  "MEAN_INCIDENCE_AZIMUTH_ANGLE_B5": 175.195632587902,
  "SOLAR_IRRADIANCE_B5": 1425.78,
  "SENSING_ORBIT_DIRECTION": "DESCENDING",
  "MGRS_TILE": "29SNC",
  "MEAN_INCIDENCE_AZIMUTH_ANGLE_B2": 179.14349915558,
  "SOLAR_IRRADIANCE_B3": 1824.93,
  "lon": -8.0057389,
  "SOLAR_IRRADIANCE_B4": 1512.79,
  "imageID": "20250607T112109_20250607T112112_T29SNC",
  "MEAN_INCIDENCE_AZIMUTH_ANGLE_B8A": 174.461085728971,
  "OZONE_VALUE": 336.690798,
  "PRODUCT_ID": "S2B_MSIL2A_20250607T112109_N0511_R037_T29SNC_20250607T133245",
  "MEAN_INCIDENCE_ZENITH_ANGLE_B12": 2.99446037089097,
  "system:index": "20250607T112109_20250607T112112_T29SNC",
  "MEAN_INCIDENCE_AZIMUTH_ANGLE_B1": 174.349896011028,
  "MEAN_INCIDENCE_ZENITH_ANGLE_B3": 2.52951794780557,
  "SOLAR_IRRADIANCE_B6": 1291.13,
  "WATER_PERCENTAGE": 11.66165,
  "CLOUDY_PIXEL_OVER_LAND_PERCENTAGE": 0.002362,
  "GRANULE_ID": "L2A_T29SNC_A043106_20250607T112112",
  "BOA_ADD_OFFSET_B8A": -1000,
  "MEAN_INCIDENCE_ZENITH_ANGLE_B11": 2.7922823416046,
  "system:version": 1761671979569102,
  "SENSING_ORBIT_NUMBER": 37,
  "MEAN_INCIDENCE_AZIMUTH_ANGLE_B6": 174.869013252657,
  "SOLAR_IRRADIANCE_B8": 1041.28,
  "FORMAT_CORRECTNESS": "PASSED",
  "AOT_RETRIEVAL_METHOD": "SEN2COR_DDV",
  "MEAN_INCIDENCE_ZENITH_ANGLE_B6": 2.80382755000992,
  "system:id": "COPERNICUS/S2_SR_HARMONIZED/20250607T112109_20250607T112112_T29SNC",
  "MEDIUM_PROBA_CLOUDS_PERCENTAGE": 0.004761,
  "SOLAR_IRRADIANCE_B7": 1175.57,
  "SOLAR_IRRADIANCE_B1": 1874.3,
  "BOA_ADD_OFFSET_B4": -1000,
  "SOLAR_IRRADIANCE_B12": 87.75,
  "SOLAR_IRRADIANCE_B8A": 953.93,
  "system:time_start": 1749295843415,
  "CLOUDY_PIXEL_PERCENTAGE": 0.038168,
  "MEAN_SOLAR_AZIMUTH_ANGLE": 135.279296315286,
  "BOA_ADD_OFFSET_B8": -1000,
  "MEAN_INCIDENCE_ZENITH_ANGLE_B8": 2.47205931285823,
  "UNCLASSIFIED_PERCENTAGE": 0.68811,
  "OZONE_SOURCE": "AUX_ECMWFT",
  "system:band_names": [
    "B1",
    "B2",
    "B3",
    "B4",
    "B5",
    "B6",
    "B7",
    "B8",
    "B8A",
    "B9",
    "B11",
    "B12",
    "AOT",
    "WVP",
    "SCL",
    "TCI_R",
    "TCI_G",
    "TCI_B",
    "MSK_CLDPRB",
    "MSK_SNWPRB",
    "QA10",
    "QA20",
    "QA60",
    "MSK_CLASSI_OPAQUE",
    "MSK_CLASSI_CIRRUS",
    "MSK_CLASSI_SNOW_ICE"
  ],
  "MEAN_INCIDENCE_AZIMUTH_ANGLE_B3": 176.8567523925,
  "AOT_RETRIEVAL_ACCURACY": 0,
  "SATURATED_DEFECTIVE_PIXEL_PERCENTAGE": 0,
  "CAST_SHADOW_PERCENTAGE": 0.037866,
  "BOA_ADD_OFFSET_B12": -1000,
  "CLOUD_COVERAGE_ASSESSMENT": 0.038168,
  "DATATAKE_IDENTIFIER": "GS2B_20250607T112109_043106_N05.11",
  "SOLAR_IRRADIANCE_B11": 247.08,
  "BOA_ADD_OFFSET_B1": -1000,
  "BOA_ADD_OFFSET_B6": -1000,
  "lat": 38.1818083,
  "PROCESSING_BASELINE": "05.11",
  "SNOW_ICE_PERCENTAGE": 0,
  "VEGETATION_PERCENTAGE": 43.083704,
  "MEAN_INCIDENCE_ZENITH_ANGLE_B7": 2.88679370142133,
  "BOA_ADD_OFFSET_B2": -1000,
  "HIGH_PROBA_CLOUDS_PERCENTAGE": 0.002389,
  "RADIATIVE_TRANSFER_ACCURACY": 0,
  "MEAN_INCIDENCE_ZENITH_ANGLE_B5": 2.72524040779178,
  "REFLECTANCE_CONVERSION_CORRECTION": 0.971876810432692,
  "system:bands": [
    {
      "id": "B1",
      "data_type": {
        "type": "PixelType",
        "precision": "float",
        "min": 0,
        "max": 6.553500175476074
      },
      "dimensions": [
        1830,
        1830
      ],
      "crs": "EPSG:32629",
      "crs_transform": [
        60,
        0,
        499980,
        0,
        -60,
        4300020
      ]
    },
    {
      "id": "B2",
      "data_type": {
        "type": "PixelType",
        "precision": "float",
        "min": 0,
        "max": 6.553500175476074
      },
      "dimensions": [
        10980,
        10980
      ],
      "crs": "EPSG:32629",
      "crs_transform": [
        10,
        0,
        499980,
        0,
        -10,
        4300020
      ]
    },
    {
      "id": "B3",
      "data_type": {
        "type": "PixelType",
        "precision": "float",
        "min": 0,
        "max": 6.553500175476074
      },
      "dimensions": [
        10980,
        10980
      ],
      "crs": "EPSG:32629",
      "crs_transform": [
        10,
        0,
        499980,
        0,
        -10,
        4300020
      ]
    },
    {
      "id": "B4",
      "data_type": {
        "type": "PixelType",
        "precision": "float",
        "min": 0,
        "max": 6.553500175476074
      },
      "dimensions": [
        10980,
        10980
      ],
      "crs": "EPSG:32629",
      "crs_transform": [
        10,
        0,
        499980,
        0,
        -10,
        4300020
      ]
    },
    {
      "id": "B5",
      "data_type": {
        "type": "PixelType",
        "precision": "float",
        "min": 0,
        "max": 6.553500175476074
      },
      "dimensions": [
        5490,
        5490
      ],
      "crs": "EPSG:32629",
      "crs_transform": [
        20,
        0,
        499980,
        0,
        -20,
        4300020
      ]
    },
    {
      "id": "B6",
      "data_type": {
        "type": "PixelType",
        "precision": "float",
        "min": 0,
        "max": 6.553500175476074
      },
      "dimensions": [
        5490,
        5490
      ],
      "crs": "EPSG:32629",
      "crs_transform": [
        20,
        0,
        499980,
        0,
        -20,
        4300020
      ]
    },
    {
      "id": "B7",
      "data_type": {
        "type": "PixelType",
        "precision": "float",
        "min": 0,
        "max": 6.553500175476074
      },
      "dimensions": [
        5490,
        5490
      ],
      "crs": "EPSG:32629",
      "crs_transform": [
        20,
        0,
        499980,
        0,
        -20,
        4300020
      ]
    },
    {
      "id": "B8",
      "data_type": {
        "type": "PixelType",
        "precision": "float",
        "min": 0,
        "max": 6.553500175476074
      },
      "dimensions": [
        10980,
        10980
      ],
      "crs": "EPSG:32629",
      "crs_transform": [
        10,
        0,
        499980,
        0,
        -10,
        4300020
      ]
    },
    {
      "id": "B8A",
      "data_type": {
        "type": "PixelType",
        "precision": "float",
        "min": 0,
        "max": 6.553500175476074
      },
      "dimensions": [
        5490,
        5490
      ],
      "crs": "EPSG:32629",
      "crs_transform": [
        20,
        0,
        499980,
        0,
        -20,
        4300020
      ]
    },
    {
      "id": "B9",
      "data_type": {
        "type": "PixelType",
        "precision": "float",
        "min": 0,
        "max": 6.553500175476074
      },
      "dimensions": [
        1830,
        1830
      ],
      "crs": "EPSG:32629",
      "crs_transform": [
        60,
        0,
        499980,
        0,
        -60,
        4300020
      ]
    },
    {
      "id": "B11",
      "data_type": {
        "type": "PixelType",
        "precision": "float",
        "min": 0,
        "max": 6.553500175476074
      },
      "dimensions": [
        5490,
        5490
      ],
      "crs": "EPSG:32629",
      "crs_transform": [
        20,
        0,
        499980,
        0,
        -20,
        4300020
      ]
    },
    {
      "id": "B12",
      "data_type": {
        "type": "PixelType",
        "precision": "float",
        "min": 0,
        "max": 6.553500175476074
      },
      "dimensions": [
        5490,
        5490
      ],
      "crs": "EPSG:32629",
      "crs_transform": [
        20,
        0,
        499980,
        0,
        -20,
        4300020
      ]
    },
    {
      "id": "AOT",
      "data_type": {
        "type": "PixelType",
        "precision": "float",
        "min": 0,
        "max": 6.553500175476074
      },
      "dimensions": [
        10980,
        10980
      ],
      "crs": "EPSG:32629",
      "crs_transform": [
        10,
        0,
        499980,
        0,
        -10,
        4300020
      ]
    },
    {
      "id": "WVP",
      "data_type": {
        "type": "PixelType",
        "precision": "float",
        "min": 0,
        "max": 6.553500175476074
      },
      "dimensions": [
        10980,
        10980
      ],
      "crs": "EPSG:32629",
      "crs_transform": [
        10,
        0,
        499980,
        0,
        -10,
        4300020
      ]
    },
    {
      "id": "SCL",
      "data_type": {
        "type": "PixelType",
        "precision": "float",
        "min": 0,
        "max": 0.02550000138580799
      },
      "dimensions": [
        5490,
        5490
      ],
      "crs": "EPSG:32629",
      "crs_transform": [
        20,
        0,
        499980,
        0,
        -20,
        4300020
      ]
    },
    {
      "id": "TCI_R",
      "data_type": {
        "type": "PixelType",
        "precision": "float",
        "min": 0,
        "max": 0.02550000138580799
      },
      "dimensions": [
        10980,
        10980
      ],
      "crs": "EPSG:32629",
      "crs_transform": [
        10,
        0,
        499980,
        0,
        -10,
        4300020
      ]
    },
    {
      "id": "TCI_G",
      "data_type": {
        "type": "PixelType",
        "precision": "float",
        "min": 0,
        "max": 0.02550000138580799
      },
      "dimensions": [
        10980,
        10980
      ],
      "crs": "EPSG:32629",
      "crs_transform": [
        10,
        0,
        499980,
        0,
        -10,
        4300020
      ]
    },
    {
      "id": "TCI_B",
      "data_type": {
        "type": "PixelType",
        "precision": "float",
        "min": 0,
        "max": 0.02550000138580799
      },
      "dimensions": [
        10980,
        10980
      ],
      "crs": "EPSG:32629",
      "crs_transform": [
        10,
        0,
        499980,
        0,
        -10,
        4300020
      ]
    },
    {
      "id": "MSK_CLDPRB",
      "data_type": {
        "type": "PixelType",
        "precision": "float",
        "min": 0,
        "max": 0.02550000138580799
      },
      "dimensions": [
        5490,
        5490
      ],
      "crs": "EPSG:32629",
      "crs_transform": [
        20,
        0,
        499980,
        0,
        -20,
        4300020
      ]
    },
    {
      "id": "MSK_SNWPRB",
      "data_type": {
        "type": "PixelType",
        "precision": "float",
        "min": 0,
        "max": 0.02550000138580799
      },
      "dimensions": [
        5490,
        5490
      ],
      "crs": "EPSG:32629",
      "crs_transform": [
        20,
        0,
        499980,
        0,
        -20,
        4300020
      ]
    },
    {
      "id": "QA10",
      "data_type": {
        "type": "PixelType",
        "precision": "float",
        "min": 0,
        "max": 6.553500175476074
      },
      "crs": "EPSG:4326",
      "crs_transform": [
        1,
        0,
        0,
        0,
        1,
        0
      ]
    },
    {
      "id": "QA20",
      "data_type": {
        "type": "PixelType",
        "precision": "float",
        "min": 0,
        "max": 429496.75
      },
      "crs": "EPSG:4326",
      "crs_transform": [
        1,
        0,
        0,
        0,
        1,
        0
      ]
    },
    {
      "id": "QA60",
      "data_type": {
        "type": "PixelType",
        "precision": "float",
        "min": 0,
        "max": 6.553500175476074
      },
      "dimensions": [
        1830,
        1830
      ],
      "crs": "EPSG:32629",
      "crs_transform": [
        60,
        0,
        499980,
        0,
        -60,
        4300020
      ]
    },
    {
      "id": "MSK_CLASSI_OPAQUE",
      "data_type": {
        "type": "PixelType",
        "precision": "float",
        "min": 0,
        "max": 0.02550000138580799
      },
      "dimensions": [
        1830,
        1830
      ],
      "crs": "EPSG:32629",
      "crs_transform": [
        60,
        0,
        499980,
        0,
        -60,
        4300020
      ]
    },
    {
      "id": "MSK_CLASSI_CIRRUS",
      "data_type": {
        "type": "PixelType",
        "precision": "float",
        "min": 0,
        "max": 0.02550000138580799
      },
      "dimensions": [
        1830,
        1830
      ],
      "crs": "EPSG:32629",
      "crs_transform": [
        60,
        0,
        499980,
        0,
        -60,
        4300020
      ]
    },
    {
      "id": "MSK_CLASSI_SNOW_ICE",
      "data_type": {
        "type": "PixelType",
        "precision": "float",
        "min": 0,
        "max": 0.02550000138580799
      },
      "dimensions": [
        1830,
        1830
      ],
      "crs": "EPSG:32629",
      "crs_transform": [
        60,
        0,
        499980,
        0,
        -60,
        4300020
      ]
    },
    {
      "id": "NDVI",
      "data_type": {
        "type": "PixelType",
        "precision": "float",
        "min": -1,
        "max": 1
      },
      "dimensions": [
        10980,
        10980
      ],
      "crs": "EPSG:32629",
      "crs_transform": [
        10,
        0,
        499980,
        0,
        -10,
        4300020
      ]
    }
  ],
  "GRANULE_MEAN_AOT": 0.171287,
  "GRANULE_MEAN_WV": 1.342402,
  "DATATAKE_TYPE": "INS-NOBS",
  "L2A_QUALITY": "PASSED",
  "system:footprint": null,
  "GENERATION_TIME": 1749303165000,
  "BOA_ADD_OFFSET_B10": -1000,
  "BOA_ADD_OFFSET_B9": -1000,
  "RADIOMETRIC_QUALITY": "PASSED",
  "CLOUD_SHADOW_PERCENTAGE": 0.001201,
  "MEAN_INCIDENCE_AZIMUTH_ANGLE_B4": 175.635231123874,
  "SOLAR_IRRADIANCE_B10": 365.41,
  "MEAN_INCIDENCE_ZENITH_ANGLE_B2": 2.42193526521693,
  "MEAN_SOLAR_ZENITH_ANGLE": 20.3873622178387,
  "GENERAL_QUALITY": "PASSED",
  "system:asset_size": 1810503240,
  "MEAN_INCIDENCE_AZIMUTH_ANGLE_B7": 174.631558613547,
  "SOLAR_IRRADIANCE_B2": 1959.75,
  "MEAN_INCIDENCE_ZENITH_ANGLE_B1": 3.06527654061193,
  "NODATA_PIXEL_PERCENTAGE": 0,
  "system:time_end": 1749295843415,
  "BOA_ADD_OFFSET_B3": -1000,
  "properties": {
    "system:footprint": {
      "type": "LinearRing",
      "coordinates": [
        [
          -9.000345145092496,
          38.84900974198042
        ],
        [
          -9.000345988081351,
          38.84899852000762
        ],
        [
          -9.000341351642742,
          37.85962223384531
        ],
        [
          -9.000294987271646,
          37.85958074079844
        ],
        [
          -9.000255619727012,
          37.85953501665499
        ],
        [
          -9.000236905397902,
          37.859532196727706
        ],
        [
          -7.752360343685427,
          37.852922151147894
        ],
        [
          -7.7523072052830795,
          37.852958170355855
        ],
        [
          -7.752248844275783,
          37.85298865892572
        ],
        [
          -7.752245030916193,
          37.853003396957696
        ],
        [
          -7.743804582068175,
          38.34760215431676
        ],
        [
          -7.735154796858926,
          38.84214995812096
        ],
        [
          -7.735200960485751,
          38.84219185828452
        ],
        [
          -7.73524007941763,
          38.84223803223947
        ],
        [
          -7.735258975858609,
          38.84224106061086
        ],
        [
          -9.000230498691655,
          38.84908848098711
        ],
        [
          -9.000283691228992,
          38.84905192358469
        ],
        [
          -9.000342447528208,
          38.84902079094915
        ],
        [
          -9.000345145092496,
          38.84900974198042
        ]
      ]
    },
    "system:index": "20250607T112109_20250607T112112_T29SNC",
    "system:bands": {
      "TCI_B": {
        "data_type": {
          "type": "PixelType",
          "precision": "float",
          "min": 0,
          "max": 0.02550000138580799
        },
        "dimensions": [
          10980,
          10980
        ],
        "crs": "EPSG:32629",
        "crs_transform": [
          10,
          0,
          499980,
          0,
          -10,
          4300020
        ]
      },
      "QA10": {
        "data_type": {
          "type": "PixelType",
          "precision": "float",
          "min": 0,
          "max": 6.553500175476074
        },
        "crs": "EPSG:4326",
        "crs_transform": [
          1,
          0,
          0,
          0,
          1,
          0
        ]
      },
      "B8A": {
        "data_type": {
          "type": "PixelType",
          "precision": "float",
          "min": 0,
          "max": 6.553500175476074
        },
        "dimensions": [
          5490,
          5490
        ],
        "crs": "EPSG:32629",
        "crs_transform": [
          20,
          0,
          499980,
          0,
          -20,
          4300020
        ]
      },
      "NDVI": {
        "data_type": {
          "type": "PixelType",
          "precision": "float",
          "min": -1,
          "max": 1
        },
        "dimensions": [
          10980,
          10980
        ],
        "crs": "EPSG:32629",
        "crs_transform": [
          10,
          0,
          499980,
          0,
          -10,
          4300020
        ]
      },
      "MSK_CLASSI_CIRRUS": {
        "data_type": {
          "type": "PixelType",
          "precision": "float",
          "min": 0,
          "max": 0.02550000138580799
        },
        "dimensions": [
          1830,
          1830
        ],
        "crs": "EPSG:32629",
        "crs_transform": [
          60,
          0,
          499980,
          0,
          -60,
          4300020
        ]
      },
      "WVP": {
        "data_type": {
          "type": "PixelType",
          "precision": "float",
          "min": 0,
          "max": 6.553500175476074
        },
        "dimensions": [
          10980,
          10980
        ],
        "crs": "EPSG:32629",
        "crs_transform": [
          10,
          0,
          499980,
          0,
          -10,
          4300020
        ]
      },
      "MSK_CLASSI_OPAQUE": {
        "data_type": {
          "type": "PixelType",
          "precision": "float",
          "min": 0,
          "max": 0.02550000138580799
        },
        "dimensions": [
          1830,
          1830
        ],
        "crs": "EPSG:32629",
        "crs_transform": [
          60,
          0,
          499980,
          0,
          -60,
          4300020
        ]
      },
      "MSK_CLASSI_SNOW_ICE": {
        "data_type": {
          "type": "PixelType",
          "precision": "float",
          "min": 0,
          "max": 0.02550000138580799
        },
        "dimensions": [
          1830,
          1830
        ],
        "crs": "EPSG:32629",
        "crs_transform": [
          60,
          0,
          499980,
          0,
          -60,
          4300020
        ]
      },
      "B11": {
        "data_type": {
          "type": "PixelType",
          "precision": "float",
          "min": 0,
          "max": 6.553500175476074
        },
        "dimensions": [
          5490,
          5490
        ],
        "crs": "EPSG:32629",
        "crs_transform": [
          20,
          0,
          499980,
          0,
          -20,
          4300020
        ]
      },
      "B12": {
        "data_type": {
          "type": "PixelType",
          "precision": "float",
          "min": 0,
          "max": 6.553500175476074
        },
        "dimensions": [
          5490,
          5490
        ],
        "crs": "EPSG:32629",
        "crs_transform": [
          20,
          0,
          499980,
          0,
          -20,
          4300020
        ]
      },
      "AOT": {
        "data_type": {
          "type": "PixelType",
          "precision": "float",
          "min": 0,
          "max": 6.553500175476074
        },
        "dimensions": [
          10980,
          10980
        ],
        "crs": "EPSG:32629",
        "crs_transform": [
          10,
          0,
          499980,
          0,
          -10,
          4300020
        ]
      },
      "QA20": {
        "data_type": {
          "type": "PixelType",
          "precision": "float",
          "min": 0,
          "max": 429496.75
        },
        "crs": "EPSG:4326",
        "crs_transform": [
          1,
          0,
          0,
          0,
          1,
          0
        ]
      },
      "MSK_CLDPRB": {
        "data_type": {
          "type": "PixelType",
          "precision": "float",
          "min": 0,
          "max": 0.02550000138580799
        },
        "dimensions": [
          5490,
          5490
        ],
        "crs": "EPSG:32629",
        "crs_transform": [
          20,
          0,
          499980,
          0,
          -20,
          4300020
        ]
      },
      "B1": {
        "data_type": {
          "type": "PixelType",
          "precision": "float",
          "min": 0,
          "max": 6.553500175476074
        },
        "dimensions": [
          1830,
          1830
        ],
        "crs": "EPSG:32629",
        "crs_transform": [
          60,
          0,
          499980,
          0,
          -60,
          4300020
        ]
      },
      "QA60": {
        "data_type": {
          "type": "PixelType",
          "precision": "float",
          "min": 0,
          "max": 6.553500175476074
        },
        "dimensions": [
          1830,
          1830
        ],
        "crs": "EPSG:32629",
        "crs_transform": [
          60,
          0,
          499980,
          0,
          -60,
          4300020
        ]
      },
      "B2": {
        "data_type": {
          "type": "PixelType",
          "precision": "float",
          "min": 0,
          "max": 6.553500175476074
        },
        "dimensions": [
          10980,
          10980
        ],
        "crs": "EPSG:32629",
        "crs_transform": [
          10,
          0,
          499980,
          0,
          -10,
          4300020
        ]
      },
      "B3": {
        "data_type": {
          "type": "PixelType",
          "precision": "float",
          "min": 0,
          "max": 6.553500175476074
        },
        "dimensions": [
          10980,
          10980
        ],
        "crs": "EPSG:32629",
        "crs_transform": [
          10,
          0,
          499980,
          0,
          -10,
          4300020
        ]
      },
      "B4": {
        "data_type": {
          "type": "PixelType",
          "precision": "float",
          "min": 0,
          "max": 6.553500175476074
        },
        "dimensions": [
          10980,
          10980
        ],
        "crs": "EPSG:32629",
        "crs_transform": [
          10,
          0,
          499980,
          0,
          -10,
          4300020
        ]
      },
      "TCI_R": {
        "data_type": {
          "type": "PixelType",
          "precision": "float",
          "min": 0,
          "max": 0.02550000138580799
        },
        "dimensions": [
          10980,
          10980
        ],
        "crs": "EPSG:32629",
        "crs_transform": [
          10,
          0,
          499980,
          0,
          -10,
          4300020
        ]
      },
      "B5": {
        "data_type": {
          "type": "PixelType",
          "precision": "float",
          "min": 0,
          "max": 6.553500175476074
        },
        "dimensions": [
          5490,
          5490
        ],
        "crs": "EPSG:32629",
        "crs_transform": [
          20,
          0,
          499980,
          0,
          -20,
          4300020
        ]
      },
      "B6": {
        "data_type": {
          "type": "PixelType",
          "precision": "float",
          "min": 0,
          "max": 6.553500175476074
        },
        "dimensions": [
          5490,
          5490
        ],
        "crs": "EPSG:32629",
        "crs_transform": [
          20,
          0,
          499980,
          0,
          -20,
          4300020
        ]
      },
      "B7": {
        "data_type": {
          "type": "PixelType",
          "precision": "float",
          "min": 0,
          "max": 6.553500175476074
        },
        "dimensions": [
          5490,
          5490
        ],
        "crs": "EPSG:32629",
        "crs_transform": [
          20,
          0,
          499980,
          0,
          -20,
          4300020
        ]
      },
      "B8": {
        "data_type": {
          "type": "PixelType",
          "precision": "float",
          "min": 0,
          "max": 6.553500175476074
        },
        "dimensions": [
          10980,
          10980
        ],
        "crs": "EPSG:32629",
        "crs_transform": [
          10,
          0,
          499980,
          0,
          -10,
          4300020
        ]
      },
      "B9": {
        "data_type": {
          "type": "PixelType",
          "precision": "float",
          "min": 0,
          "max": 6.553500175476074
        },
        "dimensions": [
          1830,
          1830
        ],
        "crs": "EPSG:32629",
        "crs_transform": [
          60,
          0,
          499980,
          0,
          -60,
          4300020
        ]
      },
      "MSK_SNWPRB": {
        "data_type": {
          "type": "PixelType",
          "precision": "float",
          "min": 0,
          "max": 0.02550000138580799
        },
        "dimensions": [
          5490,
          5490
        ],
        "crs": "EPSG:32629",
        "crs_transform": [
          20,
          0,
          499980,
          0,
          -20,
          4300020
        ]
      },
      "SCL": {
        "data_type": {
          "type": "PixelType",
          "precision": "float",
          "min": 0,
          "max": 0.02550000138580799
        },
        "dimensions": [
          5490,
          5490
        ],
        "crs": "EPSG:32629",
        "crs_transform": [
          20,
          0,
          499980,
          0,
          -20,
          4300020
        ]
      },
      "TCI_G": {
        "data_type": {
          "type": "PixelType",
          "precision": "float",
          "min": 0,
          "max": 0.02550000138580799
        },
        "dimensions": [
          10980,
          10980
        ],
        "crs": "EPSG:32629",
        "crs_transform": [
          10,
          0,
          499980,
          0,
          -10,
          4300020
        ]
      }
    },
    "system:band_names": [
      "B1",
      "B2",
      "B3",
      "B4",
      "B5",
      "B6",
      "B7",
      "B8",
      "B8A",
      "B9",
      "B11",
      "B12",
      "AOT",
      "WVP",
      "SCL",
      "TCI_R",
      "TCI_G",
      "TCI_B",
      "MSK_CLDPRB",
      "MSK_SNWPRB",
      "QA10",
      "QA20",
      "QA60",
      "MSK_CLASSI_OPAQUE",
      "MSK_CLASSI_CIRRUS",
      "MSK_CLASSI_SNOW_ICE",
      "NDVI"
    ]
  },
  "SENSOR_QUALITY": "PASSED",
  "SPACECRAFT_NAME": "Sentinel-2B",
  "system:bands_merged": {
    "B1": {
      "id": "B1",
      "data_type": {
        "type": "PixelType",
        "precision": "float",
        "min": 0,
        "max": 6.553500175476074
      },
      "dimensions": [
        1830,
        1830
      ],
      "crs": "EPSG:32629",
      "crs_transform": [
        60,
        0,
        499980,
        0,
        -60,
        4300020
      ]
    },
    "B2": {
      "id": "B2",
      "data_type": {
        "type": "PixelType",
        "precision": "float",
        "min": 0,
        "max": 6.553500175476074
      },
      "dimensions": [
        10980,
        10980
      ],
      "crs": "EPSG:32629",
      "crs_transform": [
        10,
        0,
        499980,
        0,
        -10,
        4300020
      ]
    },
    "B3": {
      "id": "B3",
      "data_type": {
        "type": "PixelType",
        "precision": "float",
        "min": 0,
        "max": 6.553500175476074
      },
      "dimensions": [
        10980,
        10980
      ],
      "crs": "EPSG:32629",
      "crs_transform": [
        10,
        0,
        499980,
        0,
        -10,
        4300020
      ]
    },
    "B4": {
      "id": "B4",
      "data_type": {
        "type": "PixelType",
        "precision": "float",
        "min": 0,
        "max": 6.553500175476074
      },
      "dimensions": [
        10980,
        10980
      ],
      "crs": "EPSG:32629",
      "crs_transform": [
        10,
        0,
        499980,
        0,
        -10,
        4300020
      ]
    },
    "B5": {
      "id": "B5",
      "data_type": {
        "type": "PixelType",
        "precision": "float",
        "min": 0,
        "max": 6.553500175476074
      },
      "dimensions": [
        5490,
        5490
      ],
      "crs": "EPSG:32629",
      "crs_transform": [
        20,
        0,
        499980,
        0,
        -20,
        4300020
      ]
    },
    "B6": {
      "id": "B6",
      "data_type": {
        "type": "PixelType",
        "precision": "float",
        "min": 0,
        "max": 6.553500175476074
      },
      "dimensions": [
        5490,
        5490
      ],
      "crs": "EPSG:32629",
      "crs_transform": [
        20,
        0,
        499980,
        0,
        -20,
        4300020
      ]
    },
    "B7": {
      "id": "B7",
      "data_type": {
        "type": "PixelType",
        "precision": "float",
        "min": 0,
        "max": 6.553500175476074
      },
      "dimensions": [
        5490,
        5490
      ],
      "crs": "EPSG:32629",
      "crs_transform": [
        20,
        0,
        499980,
        0,
        -20,
        4300020
      ]
    },
    "B8": {
      "id": "B8",
      "data_type": {
        "type": "PixelType",
        "precision": "float",
        "min": 0,
        "max": 6.553500175476074
      },
      "dimensions": [
        10980,
        10980
      ],
      "crs": "EPSG:32629",
      "crs_transform": [
        10,
        0,
        499980,
        0,
        -10,
        4300020
      ]
    },
    "B8A": {
      "id": "B8A",
      "data_type": {
        "type": "PixelType",
        "precision": "float",
        "min": 0,
        "max": 6.553500175476074
      },
      "dimensions": [
        5490,
        5490
      ],
      "crs": "EPSG:32629",
      "crs_transform": [
        20,
        0,
        499980,
        0,
        -20,
        4300020
      ]
    },
    "B9": {
      "id": "B9",
      "data_type": {
        "type": "PixelType",
        "precision": "float",
        "min": 0,
        "max": 6.553500175476074
      },
      "dimensions": [
        1830,
        1830
      ],
      "crs": "EPSG:32629",
      "crs_transform": [
        60,
        0,
        499980,
        0,
        -60,
        4300020
      ]
    },
    "B11": {
      "id": "B11",
      "data_type": {
        "type": "PixelType",
        "precision": "float",
        "min": 0,
        "max": 6.553500175476074
      },
      "dimensions": [
        5490,
        5490
      ],
      "crs": "EPSG:32629",
      "crs_transform": [
        20,
        0,
        499980,
        0,
        -20,
        4300020
      ]
    },
    "B12": {
      "id": "B12",
      "data_type": {
        "type": "PixelType",
        "precision": "float",
        "min": 0,
        "max": 6.553500175476074
      },
      "dimensions": [
        5490,
        5490
      ],
      "crs": "EPSG:32629",
      "crs_transform": [
        20,
        0,
        499980,
        0,
        -20,
        4300020
      ]
    },
    "AOT": {
      "id": "AOT",
      "data_type": {
        "type": "PixelType",
        "precision": "float",
        "min": 0,
        "max": 6.553500175476074
      },
      "dimensions": [
        10980,
        10980
      ],
      "crs": "EPSG:32629",
      "crs_transform": [
        10,
        0,
        499980,
        0,
        -10,
        4300020
      ]
    },
    "WVP": {
      "id": "WVP",
      "data_type": {
        "type": "PixelType",
        "precision": "float",
        "min": 0,
        "max": 6.553500175476074
      },
      "dimensions": [
        10980,
        10980
      ],
      "crs": "EPSG:32629",
      "crs_transform": [
        10,
        0,
        499980,
        0,
        -10,
        4300020
      ]
    },
    "SCL": {
      "id": "SCL",
      "data_type": {
        "type": "PixelType",
        "precision": "float",
        "min": 0,
        "max": 0.02550000138580799
      },
      "dimensions": [
        5490,
        5490
      ],
      "crs": "EPSG:32629",
      "crs_transform": [
        20,
        0,
        499980,
        0,
        -20,
        4300020
      ]
    },
    "TCI_R": {
      "id": "TCI_R",
      "data_type": {
        "type": "PixelType",
        "precision": "float",
        "min": 0,
        "max": 0.02550000138580799
      },
      "dimensions": [
        10980,
        10980
      ],
      "crs": "EPSG:32629",
      "crs_transform": [
        10,
        0,
        499980,
        0,
        -10,
        4300020
      ]
    },
    "TCI_G": {
      "id": "TCI_G",
      "data_type": {
        "type": "PixelType",
        "precision": "float",
        "min": 0,
        "max": 0.02550000138580799
      },
      "dimensions": [
        10980,
        10980
      ],
      "crs": "EPSG:32629",
      "crs_transform": [
        10,
        0,
        499980,
        0,
        -10,
        4300020
      ]
    },
    "TCI_B": {
      "id": "TCI_B",
      "data_type": {
        "type": "PixelType",
        "precision": "float",
        "min": 0,
        "max": 0.02550000138580799
      },
      "dimensions": [
        10980,
        10980
      ],
      "crs": "EPSG:32629",
      "crs_transform": [
        10,
        0,
        499980,
        0,
        -10,
        4300020
      ]
    },
    "MSK_CLDPRB": {
      "id": "MSK_CLDPRB",
      "data_type": {
        "type": "PixelType",
        "precision": "float",
        "min": 0,
        "max": 0.02550000138580799
      },
      "dimensions": [
        5490,
        5490
      ],
      "crs": "EPSG:32629",
      "crs_transform": [
        20,
        0,
        499980,
        0,
        -20,
        4300020
      ]
    },
    "MSK_SNWPRB": {
      "id": "MSK_SNWPRB",
      "data_type": {
        "type": "PixelType",
        "precision": "float",
        "min": 0,
        "max": 0.02550000138580799
      },
      "dimensions": [
        5490,
        5490
      ],
      "crs": "EPSG:32629",
      "crs_transform": [
        20,
        0,
        499980,
        0,
        -20,
        4300020
      ]
    },
    "QA10": {
      "id": "QA10",
      "data_type": {
        "type": "PixelType",
        "precision": "float",
        "min": 0,
        "max": 6.553500175476074
      },
      "crs": "EPSG:4326",
      "crs_transform": [
        1,
        0,
        0,
        0,
        1,
        0
      ]
    },
    "QA20": {
      "id": "QA20",
      "data_type": {
        "type": "PixelType",
        "precision": "float",
        "min": 0,
        "max": 429496.75
      },
      "crs": "EPSG:4326",
      "crs_transform": [
        1,
        0,
        0,
        0,
        1,
        0
      ]
    },
    "QA60": {
      "id": "QA60",
      "data_type": {
        "type": "PixelType",
        "precision": "float",
        "min": 0,
        "max": 6.553500175476074
      },
      "dimensions": [
        1830,
        1830
      ],
      "crs": "EPSG:32629",
      "crs_transform": [
        60,
        0,
        499980,
        0,
        -60,
        4300020
      ]
    },
    "MSK_CLASSI_OPAQUE": {
      "id": "MSK_CLASSI_OPAQUE",
      "data_type": {
        "type": "PixelType",
        "precision": "float",
        "min": 0,
        "max": 0.02550000138580799
      },
      "dimensions": [
        1830,
        1830
      ],
      "crs": "EPSG:32629",
      "crs_transform": [
        60,
        0,
        499980,
        0,
        -60,
        4300020
      ]
    },
    "MSK_CLASSI_CIRRUS": {
      "id": "MSK_CLASSI_CIRRUS",
      "data_type": {
        "type": "PixelType",
        "precision": "float",
        "min": 0,
        "max": 0.02550000138580799
      },
      "dimensions": [
        1830,
        1830
      ],
      "crs": "EPSG:32629",
      "crs_transform": [
        60,
        0,
        499980,
        0,
        -60,
        4300020
      ]
    },
    "MSK_CLASSI_SNOW_ICE": {
      "id": "MSK_CLASSI_SNOW_ICE",
      "data_type": {
        "type": "PixelType",
        "precision": "float",
        "min": 0,
        "max": 0.02550000138580799
      },
      "dimensions": [
        1830,
        1830
      ],
      "crs": "EPSG:32629",
      "crs_transform": [
        60,
        0,
        499980,
        0,
        -60,
        4300020
      ]
    },
    "NDVI": {
      "id": "NDVI",
      "data_type": {
        "type": "PixelType",
        "precision": "float",
        "min": -1,
        "max": 1
      },
      "dimensions": [
        10980,
        10980
      ],
      "crs": "EPSG:32629",
      "crs_transform": [
        10,
        0,
        499980,
        0,
        -10,
        4300020
      ]
    }
  },
  "system:band_names_merged": [
    "B1",
    "B2",
    "B3",
    "B4",
    "B5",
    "B6",
    "B7",
    "B8",
    "B8A",
    "B9",
    "B11",
    "B12",
    "AOT",
    "WVP",
    "SCL",
    "TCI_R",
    "TCI_G",
    "TCI_B",
    "MSK_CLDPRB",
    "MSK_SNWPRB",
    "QA10",
    "QA20",
    "QA60",
    "MSK_CLASSI_OPAQUE",
    "MSK_CLASSI_CIRRUS",
    "MSK_CLASSI_SNOW_ICE",
    "NDVI"
  ],
  "_conflicts": {
    "/system:bands": {
      "kept_from_full": [
        {
          "id": "B1",
          "data_type": {
            "type": "PixelType",
            "precision": "float",
            "min": 0,
            "max": 6.553500175476074
          },
          "dimensions": [
            1830,
            1830
          ],
          "crs": "EPSG:32629",
          "crs_transform": [
            60,
            0,
            499980,
            0,
            -60,
            4300020
          ]
        },
        {
          "id": "B2",
          "data_type": {
            "type": "PixelType",
            "precision": "float",
            "min": 0,
            "max": 6.553500175476074
          },
          "dimensions": [
            10980,
            10980
          ],
          "crs": "EPSG:32629",
          "crs_transform": [
            10,
            0,
            499980,
            0,
            -10,
            4300020
          ]
        },
        {
          "id": "B3",
          "data_type": {
            "type": "PixelType",
            "precision": "float",
            "min": 0,
            "max": 6.553500175476074
          },
          "dimensions": [
            10980,
            10980
          ],
          "crs": "EPSG:32629",
          "crs_transform": [
            10,
            0,
            499980,
            0,
            -10,
            4300020
          ]
        },
        {
          "id": "B4",
          "data_type": {
            "type": "PixelType",
            "precision": "float",
            "min": 0,
            "max": 6.553500175476074
          },
          "dimensions": [
            10980,
            10980
          ],
          "crs": "EPSG:32629",
          "crs_transform": [
            10,
            0,
            499980,
            0,
            -10,
            4300020
          ]
        },
        {
          "id": "B5",
          "data_type": {
            "type": "PixelType",
            "precision": "float",
            "min": 0,
            "max": 6.553500175476074
          },
          "dimensions": [
            5490,
            5490
          ],
          "crs": "EPSG:32629",
          "crs_transform": [
            20,
            0,
            499980,
            0,
            -20,
            4300020
          ]
        },
        {
          "id": "B6",
          "data_type": {
            "type": "PixelType",
            "precision": "float",
            "min": 0,
            "max": 6.553500175476074
          },
          "dimensions": [
            5490,
            5490
          ],
          "crs": "EPSG:32629",
          "crs_transform": [
            20,
            0,
            499980,
            0,
            -20,
            4300020
          ]
        },
        {
          "id": "B7",
          "data_type": {
            "type": "PixelType",
            "precision": "float",
            "min": 0,
            "max": 6.553500175476074
          },
          "dimensions": [
            5490,
            5490
          ],
          "crs": "EPSG:32629",
          "crs_transform": [
            20,
            0,
            499980,
            0,
            -20,
            4300020
          ]
        },
        {
          "id": "B8",
          "data_type": {
            "type": "PixelType",
            "precision": "float",
            "min": 0,
            "max": 6.553500175476074
          },
          "dimensions": [
            10980,
            10980
          ],
          "crs": "EPSG:32629",
          "crs_transform": [
            10,
            0,
            499980,
            0,
            -10,
            4300020
          ]
        },
        {
          "id": "B8A",
          "data_type": {
            "type": "PixelType",
            "precision": "float",
            "min": 0,
            "max": 6.553500175476074
          },
          "dimensions": [
            5490,
            5490
          ],
          "crs": "EPSG:32629",
          "crs_transform": [
            20,
            0,
            499980,
            0,
            -20,
            4300020
          ]
        },
        {
          "id": "B9",
          "data_type": {
            "type": "PixelType",
            "precision": "float",
            "min": 0,
            "max": 6.553500175476074
          },
          "dimensions": [
            1830,
            1830
          ],
          "crs": "EPSG:32629",
          "crs_transform": [
            60,
            0,
            499980,
            0,
            -60,
            4300020
          ]
        },
        {
          "id": "B11",
          "data_type": {
            "type": "PixelType",
            "precision": "float",
            "min": 0,
            "max": 6.553500175476074
          },
          "dimensions": [
            5490,
            5490
          ],
          "crs": "EPSG:32629",
          "crs_transform": [
            20,
            0,
            499980,
            0,
            -20,
            4300020
          ]
        },
        {
          "id": "B12",
          "data_type": {
            "type": "PixelType",
            "precision": "float",
            "min": 0,
            "max": 6.553500175476074
          },
          "dimensions": [
            5490,
            5490
          ],
          "crs": "EPSG:32629",
          "crs_transform": [
            20,
            0,
            499980,
            0,
            -20,
            4300020
          ]
        },
        {
          "id": "AOT",
          "data_type": {
            "type": "PixelType",
            "precision": "float",
            "min": 0,
            "max": 6.553500175476074
          },
          "dimensions": [
            10980,
            10980
          ],
          "crs": "EPSG:32629",
          "crs_transform": [
            10,
            0,
            499980,
            0,
            -10,
            4300020
          ]
        },
        {
          "id": "WVP",
          "data_type": {
            "type": "PixelType",
            "precision": "float",
            "min": 0,
            "max": 6.553500175476074
          },
          "dimensions": [
            10980,
            10980
          ],
          "crs": "EPSG:32629",
          "crs_transform": [
            10,
            0,
            499980,
            0,
            -10,
            4300020
          ]
        },
        {
          "id": "SCL",
          "data_type": {
            "type": "PixelType",
            "precision": "float",
            "min": 0,
            "max": 0.02550000138580799
          },
          "dimensions": [
            5490,
            5490
          ],
          "crs": "EPSG:32629",
          "crs_transform": [
            20,
            0,
            499980,
            0,
            -20,
            4300020
          ]
        },
        {
          "id": "TCI_R",
          "data_type": {
            "type": "PixelType",
            "precision": "float",
            "min": 0,
            "max": 0.02550000138580799
          },
          "dimensions": [
            10980,
            10980
          ],
          "crs": "EPSG:32629",
          "crs_transform": [
            10,
            0,
            499980,
            0,
            -10,
            4300020
          ]
        },
        {
          "id": "TCI_G",
          "data_type": {
            "type": "PixelType",
            "precision": "float",
            "min": 0,
            "max": 0.02550000138580799
          },
          "dimensions": [
            10980,
            10980
          ],
          "crs": "EPSG:32629",
          "crs_transform": [
            10,
            0,
            499980,
            0,
            -10,
            4300020
          ]
        },
        {
          "id": "TCI_B",
          "data_type": {
            "type": "PixelType",
            "precision": "float",
            "min": 0,
            "max": 0.02550000138580799
          },
          "dimensions": [
            10980,
            10980
          ],
          "crs": "EPSG:32629",
          "crs_transform": [
            10,
            0,
            499980,
            0,
            -10,
            4300020
          ]
        },
        {
          "id": "MSK_CLDPRB",
          "data_type": {
            "type": "PixelType",
            "precision": "float",
            "min": 0,
            "max": 0.02550000138580799
          },
          "dimensions": [
            5490,
            5490
          ],
          "crs": "EPSG:32629",
          "crs_transform": [
            20,
            0,
            499980,
            0,
            -20,
            4300020
          ]
        },
        {
          "id": "MSK_SNWPRB",
          "data_type": {
            "type": "PixelType",
            "precision": "float",
            "min": 0,
            "max": 0.02550000138580799
          },
          "dimensions": [
            5490,
            5490
          ],
          "crs": "EPSG:32629",
          "crs_transform": [
            20,
            0,
            499980,
            0,
            -20,
            4300020
          ]
        },
        {
          "id": "QA10",
          "data_type": {
            "type": "PixelType",
            "precision": "float",
            "min": 0,
            "max": 6.553500175476074
          },
          "crs": "EPSG:4326",
          "crs_transform": [
            1,
            0,
            0,
            0,
            1,
            0
          ]
        },
        {
          "id": "QA20",
          "data_type": {
            "type": "PixelType",
            "precision": "float",
            "min": 0,
            "max": 429496.75
          },
          "crs": "EPSG:4326",
          "crs_transform": [
            1,
            0,
            0,
            0,
            1,
            0
          ]
        },
        {
          "id": "QA60",
          "data_type": {
            "type": "PixelType",
            "precision": "float",
            "min": 0,
            "max": 6.553500175476074
          },
          "dimensions": [
            1830,
            1830
          ],
          "crs": "EPSG:32629",
          "crs_transform": [
            60,
            0,
            499980,
            0,
            -60,
            4300020
          ]
        },
        {
          "id": "MSK_CLASSI_OPAQUE",
          "data_type": {
            "type": "PixelType",
            "precision": "float",
            "min": 0,
            "max": 0.02550000138580799
          },
          "dimensions": [
            1830,
            1830
          ],
          "crs": "EPSG:32629",
          "crs_transform": [
            60,
            0,
            499980,
            0,
            -60,
            4300020
          ]
        },
        {
          "id": "MSK_CLASSI_CIRRUS",
          "data_type": {
            "type": "PixelType",
            "precision": "float",
            "min": 0,
            "max": 0.02550000138580799
          },
          "dimensions": [
            1830,
            1830
          ],
          "crs": "EPSG:32629",
          "crs_transform": [
            60,
            0,
            499980,
            0,
            -60,
            4300020
          ]
        },
        {
          "id": "MSK_CLASSI_SNOW_ICE",
          "data_type": {
            "type": "PixelType",
            "precision": "float",
            "min": 0,
            "max": 0.02550000138580799
          },
          "dimensions": [
            1830,
            1830
          ],
          "crs": "EPSG:32629",
          "crs_transform": [
            60,
            0,
            499980,
            0,
            -60,
            4300020
          ]
        },
        {
          "id": "NDVI",
          "data_type": {
            "type": "PixelType",
            "precision": "float",
            "min": -1,
            "max": 1
          },
          "dimensions": [
            10980,
            10980
          ],
          "crs": "EPSG:32629",
          "crs_transform": [
            10,
            0,
            499980,
            0,
            -10,
            4300020
          ]
        }
      ],
      "other_from_raw": {
        "TCI_B": {
          "data_type": {
            "type": "PixelType",
            "precision": "int",
            "min": 0,
            "max": 255
          },
          "dimensions": [
            10980,
            10980
          ],
          "crs": "EPSG:32629",
          "crs_transform": [
            10,
            0,
            499980,
            0,
            -10,
            4300020
          ]
        },
        "QA10": {
          "data_type": {
            "type": "PixelType",
            "precision": "int",
            "min": 0,
            "max": 65535
          },
          "crs": "EPSG:4326",
          "crs_transform": [
            1,
            0,
            0,
            0,
            1,
            0
          ]
        },
        "B8A": {
          "data_type": {
            "type": "PixelType",
            "precision": "int",
            "min": 0,
            "max": 65535
          },
          "dimensions": [
            5490,
            5490
          ],
          "crs": "EPSG:32629",
          "crs_transform": [
            20,
            0,
            499980,
            0,
            -20,
            4300020
          ]
        },
        "MSK_CLASSI_CIRRUS": {
          "data_type": {
            "type": "PixelType",
            "precision": "int",
            "min": 0,
            "max": 255
          },
          "dimensions": [
            1830,
            1830
          ],
          "crs": "EPSG:32629",
          "crs_transform": [
            60,
            0,
            499980,
            0,
            -60,
            4300020
          ]
        },
        "WVP": {
          "data_type": {
            "type": "PixelType",
            "precision": "int",
            "min": 0,
            "max": 65535
          },
          "dimensions": [
            10980,
            10980
          ],
          "crs": "EPSG:32629",
          "crs_transform": [
            10,
            0,
            499980,
            0,
            -10,
            4300020
          ]
        },
        "MSK_CLASSI_OPAQUE": {
          "data_type": {
            "type": "PixelType",
            "precision": "int",
            "min": 0,
            "max": 255
          },
          "dimensions": [
            1830,
            1830
          ],
          "crs": "EPSG:32629",
          "crs_transform": [
            60,
            0,
            499980,
            0,
            -60,
            4300020
          ]
        },
        "MSK_CLASSI_SNOW_ICE": {
          "data_type": {
            "type": "PixelType",
            "precision": "int",
            "min": 0,
            "max": 255
          },
          "dimensions": [
            1830,
            1830
          ],
          "crs": "EPSG:32629",
          "crs_transform": [
            60,
            0,
            499980,
            0,
            -60,
            4300020
          ]
        },
        "B11": {
          "data_type": {
            "type": "PixelType",
            "precision": "int",
            "min": 0,
            "max": 65535
          },
          "dimensions": [
            5490,
            5490
          ],
          "crs": "EPSG:32629",
          "crs_transform": [
            20,
            0,
            499980,
            0,
            -20,
            4300020
          ]
        },
        "B12": {
          "data_type": {
            "type": "PixelType",
            "precision": "int",
            "min": 0,
            "max": 65535
          },
          "dimensions": [
            5490,
            5490
          ],
          "crs": "EPSG:32629",
          "crs_transform": [
            20,
            0,
            499980,
            0,
            -20,
            4300020
          ]
        },
        "AOT": {
          "data_type": {
            "type": "PixelType",
            "precision": "int",
            "min": 0,
            "max": 65535
          },
          "dimensions": [
            10980,
            10980
          ],
          "crs": "EPSG:32629",
          "crs_transform": [
            10,
            0,
            499980,
            0,
            -10,
            4300020
          ]
        },
        "QA20": {
          "data_type": {
            "type": "PixelType",
            "precision": "int",
            "min": 0,
            "max": 4294967295
          },
          "crs": "EPSG:4326",
          "crs_transform": [
            1,
            0,
            0,
            0,
            1,
            0
          ]
        },
        "MSK_CLDPRB": {
          "data_type": {
            "type": "PixelType",
            "precision": "int",
            "min": 0,
            "max": 255
          },
          "dimensions": [
            5490,
            5490
          ],
          "crs": "EPSG:32629",
          "crs_transform": [
            20,
            0,
            499980,
            0,
            -20,
            4300020
          ]
        },
        "B1": {
          "data_type": {
            "type": "PixelType",
            "precision": "int",
            "min": 0,
            "max": 65535
          },
          "dimensions": [
            1830,
            1830
          ],
          "crs": "EPSG:32629",
          "crs_transform": [
            60,
            0,
            499980,
            0,
            -60,
            4300020
          ]
        },
        "QA60": {
          "data_type": {
            "type": "PixelType",
            "precision": "int",
            "min": 0,
            "max": 65535
          },
          "dimensions": [
            1830,
            1830
          ],
          "crs": "EPSG:32629",
          "crs_transform": [
            60,
            0,
            499980,
            0,
            -60,
            4300020
          ]
        },
        "B2": {
          "data_type": {
            "type": "PixelType",
            "precision": "int",
            "min": 0,
            "max": 65535
          },
          "dimensions": [
            10980,
            10980
          ],
          "crs": "EPSG:32629",
          "crs_transform": [
            10,
            0,
            499980,
            0,
            -10,
            4300020
          ]
        },
        "B3": {
          "data_type": {
            "type": "PixelType",
            "precision": "int",
            "min": 0,
            "max": 65535
          },
          "dimensions": [
            10980,
            10980
          ],
          "crs": "EPSG:32629",
          "crs_transform": [
            10,
            0,
            499980,
            0,
            -10,
            4300020
          ]
        },
        "B4": {
          "data_type": {
            "type": "PixelType",
            "precision": "int",
            "min": 0,
            "max": 65535
          },
          "dimensions": [
            10980,
            10980
          ],
          "crs": "EPSG:32629",
          "crs_transform": [
            10,
            0,
            499980,
            0,
            -10,
            4300020
          ]
        },
        "TCI_R": {
          "data_type": {
            "type": "PixelType",
            "precision": "int",
            "min": 0,
            "max": 255
          },
          "dimensions": [
            10980,
            10980
          ],
          "crs": "EPSG:32629",
          "crs_transform": [
            10,
            0,
            499980,
            0,
            -10,
            4300020
          ]
        },
        "B5": {
          "data_type": {
            "type": "PixelType",
            "precision": "int",
            "min": 0,
            "max": 65535
          },
          "dimensions": [
            5490,
            5490
          ],
          "crs": "EPSG:32629",
          "crs_transform": [
            20,
            0,
            499980,
            0,
            -20,
            4300020
          ]
        },
        "B6": {
          "data_type": {
            "type": "PixelType",
            "precision": "int",
            "min": 0,
            "max": 65535
          },
          "dimensions": [
            5490,
            5490
          ],
          "crs": "EPSG:32629",
          "crs_transform": [
            20,
            0,
            499980,
            0,
            -20,
            4300020
          ]
        },
        "B7": {
          "data_type": {
            "type": "PixelType",
            "precision": "int",
            "min": 0,
            "max": 65535
          },
          "dimensions": [
            5490,
            5490
          ],
          "crs": "EPSG:32629",
          "crs_transform": [
            20,
            0,
            499980,
            0,
            -20,
            4300020
          ]
        },
        "B8": {
          "data_type": {
            "type": "PixelType",
            "precision": "int",
            "min": 0,
            "max": 65535
          },
          "dimensions": [
            10980,
            10980
          ],
          "crs": "EPSG:32629",
          "crs_transform": [
            10,
            0,
            499980,
            0,
            -10,
            4300020
          ]
        },
        "B9": {
          "data_type": {
            "type": "PixelType",
            "precision": "int",
            "min": 0,
            "max": 65535
          },
          "dimensions": [
            1830,
            1830
          ],
          "crs": "EPSG:32629",
          "crs_transform": [
            60,
            0,
            499980,
            0,
            -60,
            4300020
          ]
        },
        "MSK_SNWPRB": {
          "data_type": {
            "type": "PixelType",
            "precision": "int",
            "min": 0,
            "max": 255
          },
          "dimensions": [
            5490,
            5490
          ],
          "crs": "EPSG:32629",
          "crs_transform": [
            20,
            0,
            499980,
            0,
            -20,
            4300020
          ]
        },
        "SCL": {
          "data_type": {
            "type": "PixelType",
            "precision": "int",
            "min": 0,
            "max": 255
          },
          "dimensions": [
            5490,
            5490
          ],
          "crs": "EPSG:32629",
          "crs_transform": [
            20,
            0,
            499980,
            0,
            -20,
            4300020
          ]
        },
        "TCI_G": {
          "data_type": {
            "type": "PixelType",
            "precision": "int",
            "min": 0,
            "max": 255
          },
          "dimensions": [
            10980,
            10980
          ],
          "crs": "EPSG:32629",
          "crs_transform": [
            10,
            0,
            499980,
            0,
            -10,
            4300020
          ]
        }
      }
    },
    "/system:footprint": {
      "kept_from_full": null,
      "other_from_raw": {
        "type": "LinearRing",
        "coordinates": [
          [
            -9.000345145092496,
            38.84900974198042
          ],
          [
            -9.000345988081351,
            38.84899852000762
          ],
          [
            -9.000341351642742,
            37.85962223384531
          ],
          [
            -9.000294987271646,
            37.85958074079844
          ],
          [
            -9.000255619727012,
            37.85953501665499
          ],
          [
            -9.000236905397902,
            37.859532196727706
          ],
          [
            -7.752360343685427,
            37.852922151147894
          ],
          [
            -7.7523072052830795,
            37.852958170355855
          ],
          [
            -7.752248844275783,
            37.85298865892572
          ],
          [
            -7.752245030916193,
            37.853003396957696
          ],
          [
            -7.743804582068175,
            38.34760215431676
          ],
          [
            -7.735154796858926,
            38.84214995812096
          ],
          [
            -7.735200960485751,
            38.84219185828452
          ],
          [
            -7.73524007941763,
            38.84223803223947
          ],
          [
            -7.735258975858609,
            38.84224106061086
          ],
          [
            -9.000230498691655,
            38.84908848098711
          ],
          [
            -9.000283691228992,
            38.84905192358469
          ],
          [
            -9.000342447528208,
            38.84902079094915
          ],
          [
            -9.000345145092496,
            38.84900974198042
          ]
        ]
      }
    }
  }
}