image_id,status,full_path,raw_path,match_mode,conflict_count
20250602T112131_20250602T113031_T29SNC,merged,./ndvi_output/processed_metadata_20250602T112131_20250602T113031_T29SNC.json,./raw_metadata/raw_metadata_20250602T112131_20250602T113031_T29SNC.json,id,2
20250604T110619_20250604T111834_T30STF,merged,./ndvi_output/processed_metadata_20250604T110619_20250604T111834_T30STF.json,./raw_metadata/raw_metadata_20250604T110619_20250604T111834_T30STF.json,id,2
20250606T092051_20250606T092048_T34SEH,merged,./ndvi_output/processed_metadata_20250606T092051_20250606T092048_T34SEH.json,./raw_metadata/raw_metadata_20250606T092051_20250606T092048_T34SEH.json,id,2
20250607T112109_20250607T112112_T29SNC,merged,./ndvi_output/processed_metadata_20250607T112109_20250607T112112_T29SNC.json,./raw_metadata/raw_metadata_20250607T112109_20250607T112112_T29SNC.json,id,2
20250608T092041_20250608T092710_T34SEH,merged,./ndvi_output/processed_metadata_20250608T092041_20250608T092710_T34SEH.json,./raw_metadata/raw_metadata_20250608T092041_20250608T092710_T34SEH.json,id,2
20250609T102701_20250609T103729_T32TLQ,merged,./ndvi_output/processed_metadata_20250609T102701_20250609T103729_T32TLQ.json,./raw_metadata/raw_metadata_20250609T102701_20250609T103729_T32TLQ.json,id,2
