file,image_id,ee_total,merged_found,coverage_percent,missing_count,missing_list,extra_in_merged_count,extra_in_merged_list,note
merged_metadata/20250602T112131_20250602T113031_T29SNC.json,20250602T112131_20250602T113031_T29SNC,105,107,101.9,0,,2,system:band_names_merged;system:bands_merged,
merged_metadata/20250604T110619_20250604T111834_T30STF.json,20250604T110619_20250604T111834_T30STF,105,107,101.9,0,,2,system:band_names_merged;system:bands_merged,
merged_metadata/20250606T092051_20250606T092048_T34SEH.json,20250606T092051_20250606T092048_T34SEH,105,107,101.9,0,,2,system:band_names_merged;system:bands_merged,
merged_metadata/20250607T112109_20250607T112112_T29SNC.json,20250607T112109_20250607T112112_T29SNC,105,107,101.9,0,,2,system:band_names_merged;system:bands_merged,
merged_metadata/20250608T092041_20250608T092710_T34SEH.json,20250608T092041_20250608T092710_T34SEH,105,107,101.9,0,,2,system:band_names_merged;system:bands_merged,
merged_metadata/20250609T102701_20250609T103729_T32TLQ.json,20250609T102701_20250609T103729_T32TLQ,105,107,101.9,0,,2,system:band_names_merged;system:bands_merged,
