{
  "TIMEOFDAY_scale": 0.01,
  "system:time_start": 1748995200000,
  "system:footprint": {
    "type": "LinearRing",
    "coordinates": [
      [
        -180,
        -90
      ],
      [
        180,
        -90
      ],
      [
        180,
        90
      ],
      [
        -180,
        90
      ],
      [
        -180,
        -90
      ]
    ]
  },
  "system:time_end": 1749081600000,
  "system:version": 1749330623019769,
  "system:id": "NOAA/CDR/VIIRS/NDVI/V1/20250604",
  "system:asset_size": 25178923,
  "NDVI_scale": 0.0001,
  "platform": "NOAA-20",
  "status": "permanent",
  "system:index": "20250604",
  "system:bands": {
    "QA": {
      "data_type": {
        "type": "PixelType",
        "precision": "int",
        "min": -32768,
        "max": 32767
      },
      "dimensions": [
        7200,
        3600
      ],
      "crs": "EPSG:4326",
      "crs_transform": [
        0.05,
        0,
        -180,
        0,
        -0.05,
        90
      ]
    },
    "TIMEOFDAY": {
      "data_type": {
        "type": "PixelType",
        "precision": "int",
        "min": -32768,
        "max": 32767
      },
      "dimensions": [
        7200,
        3600
      ],
      "crs": "EPSG:4326",
      "crs_transform": [
        0.05,
        0,
        -180,
        0,
        -0.05,
        90
      ]
    },
    "NDVI": {
      "data_type": {
        "type": "PixelType",
        "precision": "int",
        "min": -32768,
        "max": 32767
      },
      "dimensions": [
        7200,
        3600
      ],
      "crs": "EPSG:4326",
      "crs_transform": [
        0.05,
        0,
        -180,
        0,
        -0.05,
        90
      ]
    }
  },
  "system:band_names": [
    "NDVI",
    "TIMEOFDAY",
    "QA"
  ],
  "_image_id": "20250604"
}